#
# A fatal error has been detected by the Java Runtime Environment:
#
#  EXCEPTION_ACCESS_VIOLATION (0xc0000005) at pc=0x000001e02954d44e, pid=13236, tid=21200
#
# JRE version: OpenJDK Runtime Environment JBR-21.0.7+6-1038.58-jcef (21.0.7+6) (build 21.0.7+6-b1038.58)
# Java VM: OpenJDK 64-Bit Server VM JBR-21.0.7+6-1038.58-jcef (21.0.7+6-b1038.58, mixed mode, sharing, tiered, compressed oops, compressed class ptrs, g1 gc, windows-amd64)
# Problematic frame:
# J 25203 c2 kotlinx.coroutines.scheduling.CoroutineScheduler$Worker.findAnyTask(Z)Lkotlinx/coroutines/scheduling/Task; (120 bytes) @ 0x000001e02954d44e [0x000001e02954d000+0x000000000000044e]
#
# No core dump will be written. Minidumps are not enabled by default on client versions of Windows
#
# If you would like to submit a bug report, please visit:
#   https://youtrack.jetbrains.com/issues/JBR
#

---------------  S U M M A R Y ------------

Command Line: abort vfprintf -XX:ErrorFile=C:\Users\FirstSymbol\java_error_in_rider_%p.log -XX:HeapDumpPath=C:\Users\FirstSymbol\java_error_in_rider.hprof -Xms128m -Xmx2048m -XX:JbrShrinkingGcMaxHeapFreeRatio=40 -XX:ReservedCodeCacheSize=512m -XX:+HeapDumpOnOutOfMemoryError -XX:-OmitStackTraceInFastThrow -XX:CICompilerCount=2 -XX:+IgnoreUnrecognizedVMOptions -XX:+UnlockDiagnosticVMOptions -XX:TieredOldPercentage=100000 -ea -Dsun.io.useCanonCaches=false -Dsun.java2d.metal=true -Djbr.catch.SIGABRT=true -Djdk.http.auth.tunneling.disabledSchemes="" -Djdk.attach.allowAttachSelf=true -Djdk.module.illegalAccess.silent=true -Djdk.nio.maxCachedBufferSize=2097152 -Djava.util.zip.use.nio.for.zip.file.access=true -Dkotlinx.coroutines.debug=off -Djava.nio.file.spi.DefaultFileSystemProvider=com.intellij.platform.core.nio.fs.MultiRoutingFileSystemProvider -Dllm.show.ai.promotion.window.on.start=false -Xms256m -Xmx2048m -XX:ReservedCodeCacheSize=512m -XX:+IgnoreUnrecognizedVMOptions -XX:+UseG1GC -XX:SoftRefLRUPolicyMSPerMB=50 -XX:CICompilerCount=2 -XX:+HeapDumpOnOutOfMemoryError -XX:-OmitStackTraceInFastThrow -ea -Dsun.io.useCanonCaches=false -Djdk.http.auth.tunneling.disabledSchemes="" -Djdk.attach.allowAttachSelf=true -Djdk.module.illegalAccess.silent=true -Dkotlinx.coroutines.debug=off -XX:ErrorFile=$USER_HOME/java_error_in_idea_%p.log -XX:HeapDumpPath=$USER_HOME/java_error_in_idea.hprof --add-opens=java.base/jdk.internal.org.objectweb.asm=ALL-UNNAMED --add-opens=java.base/jdk.internal.org.objectweb.asm.tree=ALL-UNNAMED -javaagent:D:\Programs\JetBrains\license\ja-netfilter.jar=jetbrains -Djb.vmOptionsFile=D:\Programs\JetBrains\license\vmoptions\rider.vmoptions -Xbootclasspath/a:D:\Programs\JetBrains\Rider2025.2\lib\nio-fs.jar -Djava.system.class.loader=com.intellij.util.lang.PathClassLoader -Didea.vendor.name=JetBrains -Didea.paths.selector=Rider2025.2 -Djna.boot.library.path=D:\Programs\JetBrains\Rider2025.2/lib/jna/amd64 -Djna.nosys=true -Djna.noclasspath=true -Dpty4j.preferred.native.folder=D:\Programs\JetBrains\Rider2025.2/lib/pty4j -Dio.netty.allocator.type=pooled -Dintellij.platform.runtime.repository.path=D:\Programs\JetBrains\Rider2025.2/modules/module-descriptors.dat -Didea.platform.prefix=Rider -Dwsl.use.remote.agent.for.nio.filesystem=true -Djava.nio.file.spi.DefaultFileSystemProvider=com.intellij.platform.core.nio.fs.MultiRoutingFileSystemProvider -Dide.native.launcher=true -Didea.class.before.app=com.jetbrains.rider.protocol.EarlyBackendStarter -Didea.show.customize.ide.wizard=true -DFilePageCache.THROW_ERROR_ON_DUPLICATE_STORAGE_REGISTRATION=false -Dsplash=true -Daether.connector.resumeDownloads=false -Dcompose.swing.render.on.graphics=true --add-opens=java.base/java.io=ALL-UNNAMED --add-opens=java.base/java.lang=ALL-UNNAMED --add-opens=java.base/java.lang.ref=ALL-UNNAMED --add-opens=java.base/java.lang.reflect=ALL-UNNAMED --add-opens=java.base/java.net=ALL-UNNAMED --add-opens=java.base/java.nio=ALL-UNNAMED --add-opens=java.base/java.nio.charset=ALL-UNNAMED --add-opens=java.base/java.text=ALL-UNNAMED --add-opens=java.base/java.time=ALL-UNNAMED --add-opens=java.base/java.util=ALL-UNNAMED --add-opens=java.base/java.util.concurrent=ALL-UNNAMED --add-opens=java.base/java.util.concurrent.atomic=ALL-UNNAMED --add-opens=java.base/java.util.concurrent.locks=ALL-UNNAMED --add-opens=java.base/jdk.internal.vm=ALL-UNNAMED --add-opens=java.base/sun.net.dns=ALL-UNNAMED --add-opens=java.base/sun.nio.ch=ALL-UNNAMED --add-opens=java.base/sun.nio.fs=ALL-UNNAMED --add-opens=java.base/sun.security.ssl=ALL-UNNAMED --add-opens=java.base/sun.security.util=ALL-UNNAMED --add-opens=java.desktop/com.sun.java.swing=ALL-UNNAMED --add-opens=java.desktop/java.awt=ALL-UNNAMED --add-opens=java.desktop/java.awt.dnd.peer=ALL-UNNAMED --add-opens=java.desktop/java.awt.event=ALL-UNNAMED --add-opens=java.desktop/java.awt.font=ALL-UNNAMED --add-opens=java.desktop/java.awt.image=ALL-UNNAMED --add-opens=java.desktop/java.awt.peer=ALL-UNNAMED --add-opens=java.desktop/javax.swing=ALL-UNNAMED --add-opens=java.desktop/javax.swing.plaf.basic=ALL-UNNAMED --add-opens=java.desktop/javax.swing.text=ALL-UNNAMED --add-opens=java.desktop/javax.swing.text.html=ALL-UNNAMED --add-opens=java.desktop/javax.swing.text.html.parser=ALL-UNNAMED --add-opens=java.desktop/sun.awt=ALL-UNNAMED --add-opens=java.desktop/sun.awt.datatransfer=ALL-UNNAMED --add-opens=java.desktop/sun.awt.image=ALL-UNNAMED --add-opens=java.desktop/sun.awt.windows=ALL-UNNAMED --add-opens=java.desktop/sun.font=ALL-UNNAMED --add-opens=java.desktop/sun.java2d=ALL-UNNAMED --add-opens=java.desktop/sun.swing=ALL-UNNAMED --add-opens=java.management/sun.management=ALL-UNNAMED --add-opens=jdk.attach/sun.tools.attach=ALL-UNNAMED --add-opens=jdk.compiler/com.sun.tools.javac.api=ALL-UNNAMED --add-opens=jdk.internal.jvmstat/sun.jvmstat.monitor=ALL-UNNAMED --add-opens=jdk.jdi/com.sun.tools.jdi=ALL-UNNAMED -Dide.native.launcher=true -Djcef.sandbox.ptr=000001E0123D6C50 -Djcef.sandbox.cefVersion=122.1.9+gd14e051+chromium-122.0.6261.94 com.intellij.idea.Main E:\Other\Projects\Unity\Geometry dodge\Geometry dodge.sln

Host: AMD Ryzen 7 4800H with Radeon Graphics         , 16 cores, 15G,  Windows 11 , 64 bit Build 26100 (10.0.26100.5702)
Time: Thu Aug 20 13:27:27 2026  Windows 11 , 64 bit Build 26100 (10.0.26100.5702) elapsed time: 907.056455 seconds (0d 0h 15m 7s)

---------------  T H R E A D  ---------------

Current thread (0x000001e0b6ecc4a0):  JavaThread "DefaultDispatcher-worker-46" daemon [_thread_in_Java, id=21200, stack(0x0000001516e00000,0x0000001516f00000) (1024K)]

Stack: [0x0000001516e00000,0x0000001516f00000],  sp=0x0000001516eff680,  free space=1021k
Native frames: (J=compiled Java code, j=interpreted, Vv=VM code, C=native code)
C  0x000001e02954d44e

The last pc belongs to nmethod (printed below).

siginfo: EXCEPTION_ACCESS_VIOLATION (0xc0000005), reading address 0x0000000000000026


Registers:
RAX=0x7fffffffffffffff, RBX=0x0000000000000052, RCX=0x00000000000005ae, RDX=0x0000000000000000
RSP=0x0000001516eff680, RBP=0x0000000000000000, RSI=0x0000000081c4d240, RDI=0x000001e0395f0000
R8 =0x0000000081c4d240, R9 =0x00000000020369f0, R10=0x0000000087a8e8a8, R11=0x000000000000001a
R12=0x0000000000000000, R13=0x00000000817fb670, R14=0x000001e0395f0000, R15=0x000001e0b6ecc4a0
RIP=0x000001e02954d44e, EFLAGS=0x0000000000010282

XMM[0]=0x0000000000000000 0x0000000000000000
XMM[1]=0x0000000000000000 0x0000000000000000
XMM[2]=0x0000000000000000 0x0000000000000000
XMM[3]=0x0000000000000000 0x0000000000000000
XMM[4]=0x0000000000000000 0x0000000000000000
XMM[5]=0x0000000000000000 0x0000000000000000
XMM[6]=0x0000000000000000 0x0000000086b65190
XMM[7]=0x0000000000000000 0x0000000002296e10
XMM[8]=0x0000000000000000 0x0000000000000038
XMM[9]=0x0000000000000000 0x000001e04128fa30
XMM[10]=0x0000000000000000 0x0000000079721fb1
XMM[11]=0x0000000000000000 0x98b5d63acc19146e
XMM[12]=0x0000000000000000 0x0000000033633e34
XMM[13]=0x0000000000000000 0x00000000a0d20010
XMM[14]=0x0000000000000000 0xc0419cd082aa847d
XMM[15]=0x0000000000000000 0xc02d78f8e47776c7
  MXCSR=0x00001fa1


Register to memory mapping:

RAX=0x7fffffffffffffff is an unknown value
RBX=0x0000000000000052 is an unknown value
RCX=0x00000000000005ae is an unknown value
RDX=0x0 is null
RSP=0x0000001516eff680 is pointing into the stack for thread: 0x000001e0b6ecc4a0
RBP=0x0 is null
RSI=0x0000000081c4d240 is an oop: kotlinx.coroutines.scheduling.CoroutineScheduler 
{0x0000000081c4d240} - klass: 'kotlinx/coroutines/scheduling/CoroutineScheduler'
 - ---- fields (total size 9 words):
 - public final 'corePoolSize' 'I' @12  16 (0x00000010)
 - public final 'idleWorkerKeepAliveNs' 'J' @16  60000000000 (0x0000000df8475800)
 - private volatile synthetic 'parkedWorkersStack$volatile' 'J' @24  7477116534799 (0x000006cce6e0000f)
 - private volatile synthetic 'controlState$volatile' 'J' @32  57174608838738 (0x0000340000400052)
 - public final 'maxPoolSize' 'I' @40  2097150 (0x001ffffe)
 - private volatile synthetic 'cpuDecompensationRequests$volatile' 'I' @44  0 (0x00000000)
 - private volatile synthetic '_isTerminated$volatile' 'I' @48  0 (0x00000000)
 - public final 'schedulerName' 'Ljava/lang/String;' @52  "DefaultDispatcher"{0x0000000081c4d288} (0x81c4d288)
 - public final 'globalCpuQueue' 'Lkotlinx/coroutines/scheduling/GlobalQueue;' @56  a 'kotlinx/coroutines/scheduling/GlobalQueue'{0x0000000081c4d2c8} (0x81c4d2c8)
 - public final 'globalBlockingQueue' 'Lkotlinx/coroutines/scheduling/GlobalQueue;' @60  a 'kotlinx/coroutines/scheduling/GlobalQueue'{0x0000000081c4d2d8} (0x81c4d2d8)
 - public final 'workers' 'Lkotlinx/coroutines/internal/ResizableAtomicArray;' @64  a 'kotlinx/coroutines/internal/ResizableAtomicArray'{0x0000000081c4d2e8} (0x81c4d2e8)
RDI=0x000001e0395f0000 points into unknown readable memory: 0x4040404040404000 | 00 40 40 40 40 40 40 40
R8 =0x0000000081c4d240 is an oop: kotlinx.coroutines.scheduling.CoroutineScheduler 
{0x0000000081c4d240} - klass: 'kotlinx/coroutines/scheduling/CoroutineScheduler'
 - ---- fields (total size 9 words):
 - public final 'corePoolSize' 'I' @12  16 (0x00000010)
 - public final 'idleWorkerKeepAliveNs' 'J' @16  60000000000 (0x0000000df8475800)
 - private volatile synthetic 'parkedWorkersStack$volatile' 'J' @24  7477116534799 (0x000006cce6e0000f)
 - private volatile synthetic 'controlState$volatile' 'J' @32  57174608838738 (0x0000340000400052)
 - public final 'maxPoolSize' 'I' @40  2097150 (0x001ffffe)
 - private volatile synthetic 'cpuDecompensationRequests$volatile' 'I' @44  0 (0x00000000)
 - private volatile synthetic '_isTerminated$volatile' 'I' @48  0 (0x00000000)
 - public final 'schedulerName' 'Ljava/lang/String;' @52  "DefaultDispatcher"{0x0000000081c4d288} (0x81c4d288)
 - public final 'globalCpuQueue' 'Lkotlinx/coroutines/scheduling/GlobalQueue;' @56  a 'kotlinx/coroutines/scheduling/GlobalQueue'{0x0000000081c4d2c8} (0x81c4d2c8)
 - public final 'globalBlockingQueue' 'Lkotlinx/coroutines/scheduling/GlobalQueue;' @60  a 'kotlinx/coroutines/scheduling/GlobalQueue'{0x0000000081c4d2d8} (0x81c4d2d8)
 - public final 'workers' 'Lkotlinx/coroutines/internal/ResizableAtomicArray;' @64  a 'kotlinx/coroutines/internal/ResizableAtomicArray'{0x0000000081c4d2e8} (0x81c4d2e8)
R9 =33778160 is a compressed pointer to class: 0x000001e0410369f0
kotlinx.coroutines.scheduling.CoroutineScheduler$Worker {0x000001e0410369f8}
 - instance size:     22
 - klass size:        108
 - access:            public final synchronized 
 - flags:             rewritten has_nonstatic_fields should_verify_class has_localvariable_table has_final_method has_resolved_methods 
 - state:             fully_initialized
 - name:              'kotlinx/coroutines/scheduling/CoroutineScheduler$Worker'
 - super:             'java/lang/Thread'
 - sub:               
 - arrays:            null
 - methods:           Array<T>(0x000001e08261fe40)
 - method ordering:   Array<T>(0x000001e040a1cc10)
 - local interfaces:  Array<T>(0x000001e08261faf8)
 - trans. interfaces: Array<T>(0x000001e082623088)
 - constants:         constant pool [535] {0x000001e08261e910} for 'kotlinx/coroutines/scheduling/CoroutineScheduler$Worker' cache=0x000001e082623538
 - class loader data:  loader data: 0x000001e03e430d80 for instance a 'com/intellij/util/lang/PathClassLoader'{0x0000000080aea680}
 - source file:       'CoroutineScheduler.kt'
 - class annotations:       Array<T>(0x000001e082622f28)
 - inner classes:     Array<T>(0x000001e082623030)
 - nest members:     Array<T>(0x000001e03fe29e28)
 - permitted subclasses:     Array<T>(0x000001e03fe29e28)
 - java mirror:       a 'java/lang/Class'{0x0000000081c60a70} = 'kotlinx/coroutines/scheduling/CoroutineScheduler$Worker'
 - vtable length      35  (start addr: 0x000001e041036be0)
 - itable length      9 (start addr: 0x000001e041036cf8)
 - ---- static fields (1 words):
 - private static final synthetic 'workerCtl$volatile$FU' 'Ljava/util/concurrent/atomic/AtomicIntegerFieldUpdater;' @112 
 - ---- non-static fields (40 words):
 - 'threadLocalRandomProbe' 'I' @12 
 - private volatile 'eetop' 'J' @16 
 - private final 'tid' 'J' @24 
 - 'threadLocalRandomSeed' 'J' @32 
 - injected 'jvmti_thread_state' 'J' @40 
 - 'threadLocalRandomSecondarySeed' 'I' @48 
 - injected 'jvmti_VTMS_transition_disable_count' 'I' @52 
 - injected 'jfr_epoch' 'S' @56 
 - volatile 'interrupted' 'Z' @58 
 - injected 'jvmti_is_in_VTMS_transition' 'Z' @59 
 - private volatile 'name' 'Ljava/lang/String;' @60 
 - private volatile 'contextClassLoader' 'Ljava/lang/ClassLoader;' @64 
 - private 'inheritedAccessControlContext' 'Ljava/security/AccessControlContext;' @68 
 - private final 'holder' 'Ljava/lang/Thread$FieldHolder;' @72 
 - 'threadLocals' 'Ljava/lang/ThreadLocal$ThreadLocalMap;' @76 
 - 'inheritableThreadLocals' 'Ljava/lang/ThreadLocal$ThreadLocalMap;' @80 
 - private 'scopedValueBindings' 'Ljava/lang/Object;' @84 
 - final 'interruptLock' 'Ljava/lang/Object;' @88 
 - private volatile 'parkBlocker' 'Ljava/lang/Object;' @92 
 - volatile 'nioBlocker' 'Lsun/nio/ch/Interruptible;' @96 
 - private 'cont' 'Ljdk/internal/vm/Continuation;' @100 
 - private volatile 'uncaughtExceptionHandler' 'Ljava/lang/Thread$UncaughtExceptionHandler;' @104 
 - private 'container' 'Ljdk/internal/vm/ThreadContainer;' @108 
 - private volatile 'headStackableScopes' 'Ljdk/internal/vm/StackableScope;' @112 
 - private volatile 'indexInArray' 'I' @116 
 - private 'terminationDeadline' 'J' @120 
 - private 'minDelayUntilStealableTaskNs' 'J' @128 
 - private volatile synthetic 'workerCtl$volatile' 'I' @136 
 - private 'rngState' 'I' @140 
 - public 'mayHaveLocalTasks' 'Z' @144 
 - public final 'localQueue' 'Lkotlinx/coroutines/scheduling/WorkQueue;' @148 
 - private final 'stolenTask' 'Lkotlin/jvm/internal/Ref$ObjectRef;' @152 
 - public 'state' 'Lkotlinx/coroutines/scheduling/CoroutineScheduler$WorkerState;' @156 
 - private volatile 'nextParkedWorker' 'Ljava/lang/Object;' @160 
 - private 'currentTask' 'Lkotlinx/coroutines/scheduling/Task;' @164 
 - final synthetic 'this$0' 'Lkotlinx/coroutines/scheduling/CoroutineScheduler;' @168 
 - non-static oop maps: 60-112 148-168 
R10=0x0000000087a8e8a8 is an oop: kotlin.jvm.internal.Ref$ObjectRef 
{0x0000000087a8e8a8} - klass: 'kotlin/jvm/internal/Ref$ObjectRef'
 - ---- fields (total size 2 words):
 - public 'element' 'Ljava/lang/Object;' @12  null (0x00000000)
R11=0x000000000000001a is an unknown value
R12=0x0 is null
R13=0x00000000817fb670 is an oop: kotlinx.coroutines.scheduling.CoroutineScheduler$Worker 
{0x00000000817fb670} - klass: 'kotlinx/coroutines/scheduling/CoroutineScheduler$Worker'
 - ---- fields (total size 22 words):
 - 'threadLocalRandomProbe' 'I' @12  -2110305169 (0x82374c6f)
 - private volatile 'eetop' 'J' @16  2064653272224 (0x000001e0b6ecc4a0)
 - private final 'tid' 'J' @24  266 (0x000000000000010a)
 - 'threadLocalRandomSeed' 'J' @32  4433149364403561092 (0x3d85b5dbed85e284)
 - injected 'jvmti_thread_state' 'J' @40  2066854180768 (0x000001e13a1bf7a0)
 - 'threadLocalRandomSecondarySeed' 'I' @48  -338126877 (0xebd897e3)
 - injected 'jvmti_VTMS_transition_disable_count' 'I' @52  0 (0x00000000)
 - injected 'jfr_epoch' 'S' @56  0 (0x0000)
 - volatile 'interrupted' 'Z' @58  false (0x00)
 - injected 'jvmti_is_in_VTMS_transition' 'Z' @59  false (0x00)
 - private volatile 'name' 'Ljava/lang/String;' @60  "DefaultDispatcher-worker-46"{0x0000000087a8eb88} (0x87a8eb88)
 - private volatile 'contextClassLoader' 'Ljava/lang/ClassLoader;' @64  a 'com/intellij/util/lang/PathClassLoader'{0x0000000080aea680} (0x80aea680)
 - private 'inheritedAccessControlContext' 'Ljava/security/AccessControlContext;' @68  a 'java/security/AccessControlContext'{0x0000000087a8eb48} (0x87a8eb48)
 - private final 'holder' 'Ljava/lang/Thread$FieldHolder;' @72  a 'java/lang/Thread$FieldHolder'{0x0000000087a8eb20} (0x87a8eb20)
 - 'threadLocals' 'Ljava/lang/ThreadLocal$ThreadLocalMap;' @76  a 'java/lang/ThreadLocal$ThreadLocalMap'{0x0000000087a8eb08} (0x87a8eb08)
 - 'inheritableThreadLocals' 'Ljava/lang/ThreadLocal$ThreadLocalMap;' @80  null (0x00000000)
 - private 'scopedValueBindings' 'Ljava/lang/Object;' @84  a 'java/lang/Class'{0x0000000080aeba88} = 'java/lang/Thread' (0x80aeba88)
 - final 'interruptLock' 'Ljava/lang/Object;' @88  a 'java/lang/Object'{0x0000000087a8eaf8} (0x87a8eaf8)
 - private volatile 'parkBlocker' 'Ljava/lang/Object;' @92  null (0x00000000)
 - volatile 'nioBlocker' 'Lsun/nio/ch/Interruptible;' @96  null (0x00000000)
 - private 'cont' 'Ljdk/internal/vm/Continuation;' @100  null (0x00000000)
 - private volatile 'uncaughtExceptionHandler' 'Ljava/lang/Thread$UncaughtExceptionHandler;' @104  null (0x00000000)
 - private 'container' 'Ljdk/internal/vm/ThreadContainer;' @108  null (0x00000000)
 - private volatile 'headStackableScopes' 'Ljdk/internal/vm/StackableScope;' @112  null (0x00000000)
 - private volatile 'indexInArray' 'I' @116  46 (0x0000002e)
 - private 'terminationDeadline' 'J' @120  20574118651500 (0x000012b64908a66c)
 - private 'minDelayUntilStealableTaskNs' 'J' @128  0 (0x0000000000000000)
 - private volatile synthetic 'workerCtl$volatile' 'I' @136  0 (0x00000000)
 - private 'rngState' 'I' @140  -2004589946 (0x88846286)
 - public 'mayHaveLocalTasks' 'Z' @144  false (0x00)
 - public final 'localQueue' 'Lkotlinx/coroutines/scheduling/WorkQueue;' @148  a 'kotlinx/coroutines/scheduling/WorkQueue'{0x0000000087a8e8b8} (0x87a8e8b8)
 - private final 'stolenTask' 'Lkotlin/jvm/internal/Ref$ObjectRef;' @152  a 'kotlin/jvm/internal/Ref$ObjectRef'{0x0000000087a8e8a8} (0x87a8e8a8)
 - public 'state' 'Lkotlinx/coroutines/scheduling/CoroutineScheduler$WorkerState;' @156  a 'kotlinx/coroutines/scheduling/CoroutineScheduler$WorkerState'{0x000000008215e9b0} (0x8215e9b0)
 - private volatile 'nextParkedWorker' 'Ljava/lang/Object;' @160  a 'kotlinx/coroutines/internal/Symbol'{0x0000000081c60ae8} (0x81c60ae8)
 - private 'currentTask' 'Lkotlinx/coroutines/scheduling/Task;' @164  null (0x00000000)
 - final synthetic 'this$0' 'Lkotlinx/coroutines/scheduling/CoroutineScheduler;' @168  a 'kotlinx/coroutines/scheduling/CoroutineScheduler'{0x0000000081c4d240} (0x81c4d240)
R14=0x000001e0395f0000 points into unknown readable memory: 0x4040404040404000 | 00 40 40 40 40 40 40 40
R15=0x000001e0b6ecc4a0 is a thread

Top of Stack: (sp=0x0000001516eff680)
0x0000001516eff680:   00000000817fb670 0000000000000000
0x0000001516eff690:   000001e0395f0000 0000000081c2f7c8
0x0000001516eff6a0:   0000001516eff710 000001e000000052
0x0000001516eff6b0:   0000001c81c4d240 0000000081c4d240
0x0000001516eff6c0:   000001e0395f0000 8a3fd3e000000027
0x0000001516eff6d0:   7fffffffffffffff 00000000817fb670
0x0000001516eff6e0:   0000000087a8e8a8 00000000877c2548
0x0000001516eff6f0:   000000009f6dba98 000001e029776684
0x0000001516eff700:   00000000817fb670 0000000000000000
0x0000001516eff710:   000006cbba600000 000001e029906118
0x0000001516eff720:   0000002fc3621dd3 000000008215e9b0
0x0000001516eff730:   000001e041025230 00000073d0c0002e
0x0000001516eff740:   00000000817fb670 81c4d24000000000
0x0000001516eff750:   00000000817fb670 000001e0410369f0
0x0000001516eff760:   0000000081c4d240 000006cbba400020
0x0000001516eff770:   000000000000002e 000001e082620f90
0x0000001516eff780:   0000000000000000 0000001516eff7b0
0x0000001516eff790:   0000001516eff800 000001e028878860
0x0000001516eff7a0:   0000001516eff800 000001e028878860
0x0000001516eff7b0:   000000008c6467d0 0000001516eff7b8
0x0000001516eff7c0:   000001e082620e19 0000000000000002
0x0000001516eff7d0:   000001e082623538 0000000000000000
0x0000001516eff7e0:   0000000081c60a70 000001e082620e30
0x0000001516eff7f0:   0000001516eff7b0 0000001516eff810
0x0000001516eff800:   0000001516eff9f0 000001e02887100d
0x0000001516eff810:   00000000817fb670 0000000000000000
0x0000001516eff820:   0000000000000070 ffffffffffffffff
0x0000001516eff830:   ffffffffffffffff 00007ffac8a79e9f
0x0000001516eff840:   00007ffac8aacd92 0000000000000000
0x0000001516eff850:   0000000000000048 0000000000000001
0x0000001516eff860:   0000000000000000 00007ffa4aa98692
0x0000001516eff870:   0000001516effbd0 00007ffa4a6c9e4e 

Instructions: (pc=0x000001e02954d44e)
0x000001e02954d34e:   48 8b cd 4d 85 d2 0f 84 a3 06 00 00 4d 8b 5f 38
0x000001e02954d35e:   4b 89 4c 13 f8 49 83 c2 f8 4d 89 57 28 e9 b4 fd
0x000001e02954d36e:   ff ff 4c 8b 5c 24 50 4c 8b 6c 24 58 44 8b 4c 24
0x000001e02954d37e:   34 41 ff c1 44 3b 4c 24 28 0f 8d 00 03 00 00 8b
0x000001e02954d38e:   5c 24 28 48 8b d5 44 8b 44 24 30 48 8b 74 24 38
0x000001e02954d39e:   48 8b 7c 24 40 49 8b c3 44 8b 54 24 48 41 ff c2
0x000001e02954d3ae:   44 3b d3 0f 8f fc 02 00 00 45 8b 58 40 41 8b 4b
0x000001e02954d3be:   0c 8b 49 0c 48 89 44 24 50 44 89 54 24 48 48 89
0x000001e02954d3ce:   7c 24 40 48 89 74 24 38 44 89 44 24 30 48 8b ea
0x000001e02954d3de:   89 5c 24 28 44 89 4c 24 34 44 8b 49 0c 45 3b d1
0x000001e02954d3ee:   0f 8d 78 07 00 00 45 3b d1 0f 83 9f 07 00 00 46
0x000001e02954d3fe:   8b 54 91 10 45 8b 4a 08 41 81 f9 f0 69 03 02 0f
0x000001e02954d40e:   85 14 0b 00 00 4d 3b d5 0f 84 d6 01 00 00 4c 89
0x000001e02954d41e:   6c 24 58 45 8b 9a 94 00 00 00 44 89 5c 24 4c 45
0x000001e02954d42e:   8b 95 98 00 00 00 44 89 54 24 60 45 85 db 0f 84
0x000001e02954d43e:   96 07 00 00 45 8b 5b 10 41 8b cb 44 8b 5c 24 4c
0x000001e02954d44e:   45 8b 4b 0c 4d 8b d3 4c 89 54 24 68 41 3b c9 0f
0x000001e02954d45e:   85 74 02 00 00 44 8b 54 24 4c 45 8b 42 1c 45 85
0x000001e02954d46e:   c0 0f 84 fb fe ff ff 45 8b 58 08 49 ba 00 00 00
0x000001e02954d47e:   3f e0 01 00 00 4d 03 d3 4d 8b 52 38 49 bb e0 cd
0x000001e02954d48e:   02 41 e0 01 00 00 4d 3b d3 0f 85 53 07 00 00 4d
0x000001e02954d49e:   8b d0 4c 89 54 24 70 49 ba 58 74 15 82 00 00 00
0x000001e02954d4ae:   00 45 3b 62 74 0f 84 9f 06 00 00 49 ba 90 28 da
0x000001e02954d4be:   4a fa 7f 00 00 41 ff d2 0f 1f 84 00 00 00 00 00
0x000001e02954d4ce:   4c 8b 54 24 70 49 2b 42 10 48 3d a0 86 01 00 0f
0x000001e02954d4de:   8c 7e 00 00 00 48 ba 48 eb 15 82 00 00 00 00 4c
0x000001e02954d4ee:   8b 44 24 68 4c 8b 4c 24 70 48 8b fd 90 e8 60 4d
0x000001e02954d4fe:   c5 ff 0f 1f 84 00 f0 07 00 07 85 c0 0f 85 ea 00
0x000001e02954d50e:   00 00 4d 8b 97 50 04 00 00 41 85 02 44 8b 54 24
0x000001e02954d51e:   4c 45 8b 42 1c 45 85 c0 0f 84 44 fe ff ff 45 8b
0x000001e02954d52e:   58 08 49 ba 00 00 00 3f e0 01 00 00 4d 03 d3 4d
0x000001e02954d53e:   8b 52 38 49 bb e0 cd 02 41 e0 01 00 00 4d 3b d3 


Stack slot to memory mapping:

stack at sp + 0 slots: 0x00000000817fb670 is an oop: kotlinx.coroutines.scheduling.CoroutineScheduler$Worker 
{0x00000000817fb670} - klass: 'kotlinx/coroutines/scheduling/CoroutineScheduler$Worker'
 - ---- fields (total size 22 words):
 - 'threadLocalRandomProbe' 'I' @12  -2110305169 (0x82374c6f)
 - private volatile 'eetop' 'J' @16  2064653272224 (0x000001e0b6ecc4a0)
 - private final 'tid' 'J' @24  266 (0x000000000000010a)
 - 'threadLocalRandomSeed' 'J' @32  4433149364403561092 (0x3d85b5dbed85e284)
 - injected 'jvmti_thread_state' 'J' @40  2066854180768 (0x000001e13a1bf7a0)
 - 'threadLocalRandomSecondarySeed' 'I' @48  -338126877 (0xebd897e3)
 - injected 'jvmti_VTMS_transition_disable_count' 'I' @52  0 (0x00000000)
 - injected 'jfr_epoch' 'S' @56  0 (0x0000)
 - volatile 'interrupted' 'Z' @58  false (0x00)
 - injected 'jvmti_is_in_VTMS_transition' 'Z' @59  false (0x00)
 - private volatile 'name' 'Ljava/lang/String;' @60  "DefaultDispatcher-worker-46"{0x0000000087a8eb88} (0x87a8eb88)
 - private volatile 'contextClassLoader' 'Ljava/lang/ClassLoader;' @64  a 'com/intellij/util/lang/PathClassLoader'{0x0000000080aea680} (0x80aea680)
 - private 'inheritedAccessControlContext' 'Ljava/security/AccessControlContext;' @68  a 'java/security/AccessControlContext'{0x0000000087a8eb48} (0x87a8eb48)
 - private final 'holder' 'Ljava/lang/Thread$FieldHolder;' @72  a 'java/lang/Thread$FieldHolder'{0x0000000087a8eb20} (0x87a8eb20)
 - 'threadLocals' 'Ljava/lang/ThreadLocal$ThreadLocalMap;' @76  a 'java/lang/ThreadLocal$ThreadLocalMap'{0x0000000087a8eb08} (0x87a8eb08)
 - 'inheritableThreadLocals' 'Ljava/lang/ThreadLocal$ThreadLocalMap;' @80  null (0x00000000)
 - private 'scopedValueBindings' 'Ljava/lang/Object;' @84  a 'java/lang/Class'{0x0000000080aeba88} = 'java/lang/Thread' (0x80aeba88)
 - final 'interruptLock' 'Ljava/lang/Object;' @88  a 'java/lang/Object'{0x0000000087a8eaf8} (0x87a8eaf8)
 - private volatile 'parkBlocker' 'Ljava/lang/Object;' @92  null (0x00000000)
 - volatile 'nioBlocker' 'Lsun/nio/ch/Interruptible;' @96  null (0x00000000)
 - private 'cont' 'Ljdk/internal/vm/Continuation;' @100  null (0x00000000)
 - private volatile 'uncaughtExceptionHandler' 'Ljava/lang/Thread$UncaughtExceptionHandler;' @104  null (0x00000000)
 - private 'container' 'Ljdk/internal/vm/ThreadContainer;' @108  null (0x00000000)
 - private volatile 'headStackableScopes' 'Ljdk/internal/vm/StackableScope;' @112  null (0x00000000)
 - private volatile 'indexInArray' 'I' @116  46 (0x0000002e)
 - private 'terminationDeadline' 'J' @120  20574118651500 (0x000012b64908a66c)
 - private 'minDelayUntilStealableTaskNs' 'J' @128  0 (0x0000000000000000)
 - private volatile synthetic 'workerCtl$volatile' 'I' @136  0 (0x00000000)
 - private 'rngState' 'I' @140  -2004589946 (0x88846286)
 - public 'mayHaveLocalTasks' 'Z' @144  false (0x00)
 - public final 'localQueue' 'Lkotlinx/coroutines/scheduling/WorkQueue;' @148  a 'kotlinx/coroutines/scheduling/WorkQueue'{0x0000000087a8e8b8} (0x87a8e8b8)
 - private final 'stolenTask' 'Lkotlin/jvm/internal/Ref$ObjectRef;' @152  a 'kotlin/jvm/internal/Ref$ObjectRef'{0x0000000087a8e8a8} (0x87a8e8a8)
 - public 'state' 'Lkotlinx/coroutines/scheduling/CoroutineScheduler$WorkerState;' @156  a 'kotlinx/coroutines/scheduling/CoroutineScheduler$WorkerState'{0x000000008215e9b0} (0x8215e9b0)
 - private volatile 'nextParkedWorker' 'Ljava/lang/Object;' @160  a 'kotlinx/coroutines/internal/Symbol'{0x0000000081c60ae8} (0x81c60ae8)
 - private 'currentTask' 'Lkotlinx/coroutines/scheduling/Task;' @164  null (0x00000000)
 - final synthetic 'this$0' 'Lkotlinx/coroutines/scheduling/CoroutineScheduler;' @168  a 'kotlinx/coroutines/scheduling/CoroutineScheduler'{0x0000000081c4d240} (0x81c4d240)
stack at sp + 1 slots: 0x0 is null
stack at sp + 2 slots: 0x000001e0395f0000 points into unknown readable memory: 0x4040404040404000 | 00 40 40 40 40 40 40 40
stack at sp + 3 slots: 0x0000000081c2f7c8 is an oop: java.util.concurrent.atomic.AtomicLongFieldUpdater$CASUpdater 
{0x0000000081c2f7c8} - klass: 'java/util/concurrent/atomic/AtomicLongFieldUpdater$CASUpdater'
 - ---- fields (total size 4 words):
 - private final 'cclass' 'Ljava/lang/Class;' @12  a 'java/lang/Class'{0x0000000081c2f6d0} = 'kotlinx/coroutines/scheduling/CoroutineScheduler' (0x81c2f6d0)
 - private final 'offset' 'J' @16  32 (0x0000000000000020)
 - private final 'tclass' 'Ljava/lang/Class;' @24  a 'java/lang/Class'{0x0000000081c2f6d0} = 'kotlinx/coroutines/scheduling/CoroutineScheduler' (0x81c2f6d0)
stack at sp + 4 slots: 0x0000001516eff710 is pointing into the stack for thread: 0x000001e0b6ecc4a0
stack at sp + 5 slots: 0x000001e000000052 points into unknown readable memory: 00 00 00 00 00 00
stack at sp + 6 slots: 0x0000001c81c4d240 is an unknown value
stack at sp + 7 slots: 0x0000000081c4d240 is an oop: kotlinx.coroutines.scheduling.CoroutineScheduler 
{0x0000000081c4d240} - klass: 'kotlinx/coroutines/scheduling/CoroutineScheduler'
 - ---- fields (total size 9 words):
 - public final 'corePoolSize' 'I' @12  16 (0x00000010)
 - public final 'idleWorkerKeepAliveNs' 'J' @16  60000000000 (0x0000000df8475800)
 - private volatile synthetic 'parkedWorkersStack$volatile' 'J' @24  7477116534799 (0x000006cce6e0000f)
 - private volatile synthetic 'controlState$volatile' 'J' @32  57174608838738 (0x0000340000400052)
 - public final 'maxPoolSize' 'I' @40  2097150 (0x001ffffe)
 - private volatile synthetic 'cpuDecompensationRequests$volatile' 'I' @44  0 (0x00000000)
 - private volatile synthetic '_isTerminated$volatile' 'I' @48  0 (0x00000000)
 - public final 'schedulerName' 'Ljava/lang/String;' @52  "DefaultDispatcher"{0x0000000081c4d288} (0x81c4d288)
 - public final 'globalCpuQueue' 'Lkotlinx/coroutines/scheduling/GlobalQueue;' @56  a 'kotlinx/coroutines/scheduling/GlobalQueue'{0x0000000081c4d2c8} (0x81c4d2c8)
 - public final 'globalBlockingQueue' 'Lkotlinx/coroutines/scheduling/GlobalQueue;' @60  a 'kotlinx/coroutines/scheduling/GlobalQueue'{0x0000000081c4d2d8} (0x81c4d2d8)
 - public final 'workers' 'Lkotlinx/coroutines/internal/ResizableAtomicArray;' @64  a 'kotlinx/coroutines/internal/ResizableAtomicArray'{0x0000000081c4d2e8} (0x81c4d2e8)


Compiled method (c2) 907152 25203       4       kotlinx.coroutines.scheduling.CoroutineScheduler$Worker::findAnyTask (120 bytes)
 total in heap  [0x000001e02954cd10,0x000001e02954ef58] = 8776
 relocation     [0x000001e02954ce70,0x000001e02954cff8] = 392
 main code      [0x000001e02954d000,0x000001e02954e0d8] = 4312
 stub code      [0x000001e02954e0d8,0x000001e02954e138] = 96
 oops           [0x000001e02954e138,0x000001e02954e180] = 72
 metadata       [0x000001e02954e180,0x000001e02954e2f8] = 376
 scopes data    [0x000001e02954e2f8,0x000001e02954e9b8] = 1728
 scopes pcs     [0x000001e02954e9b8,0x000001e02954ed78] = 960
 dependencies   [0x000001e02954ed78,0x000001e02954edd0] = 88
 handler table  [0x000001e02954edd0,0x000001e02954eed8] = 264
 nul chk table  [0x000001e02954eed8,0x000001e02954ef58] = 128

[Constant Pool (empty)]

[MachCode]
[Entry Point]
  # {method} {0x000001e082622378} 'findAnyTask' '(Z)Lkotlinx/coroutines/scheduling/Task;' in 'kotlinx/coroutines/scheduling/CoroutineScheduler$Worker'
  # this:     rdx:rdx   = 'kotlinx/coroutines/scheduling/CoroutineScheduler$Worker'
  # parm0:    r8        = boolean
  #           [sp+0xa0]  (sp of caller)
  0x000001e02954d000: 448b 5208 | 49bb 0000 | 003f e001 | 0000 4d03 | d349 3bc2 

  0x000001e02954d014: ;   {runtime_call ic_miss_stub}
  0x000001e02954d014: 0f85 6617 | 37ff 6690 | 0f1f 4000 
[Verified Entry Point]
  0x000001e02954d020: 8984 2400 | 80ff ff55 | 4881 ec90 | 0000 0090 | 4181 7f20 | 9b00 0000 | 0f85 9010 | 0000 488b 
  0x000001e02954d040: ea45 85c0 | 0f85 8900 | 0000 41b8 | 0200 0000 

  0x000001e02954d050: ;   {optimized virtual_call}
  0x000001e02954d050: 6666 90e8 

  0x000001e02954d054: ; ImmutableOopMap {rbp=Oop }
                      ;*invokevirtual nextInt {reexecute=0 rethrow=0 return_oop=0}
                      ; - kotlinx.coroutines.scheduling.CoroutineScheduler$Worker::pollGlobalQueues@2 (line 1045)
                      ; - kotlinx.coroutines.scheduling.CoroutineScheduler$Worker::findAnyTask@97 (line 1039)
  0x000001e02954d054: 689e cfff 

  0x000001e02954d058: ;   {other}
  0x000001e02954d058: 0f1f 8400 | 4803 0000 | 448b 95a8 | 0000 0085 | c00f 84ed | 0000 0045 | 8b52 3c45 | 85d2 0f84 
  0x000001e02954d078: dc08 0000 

  0x000001e02954d07c: ;   {optimized virtual_call}
  0x000001e02954d07c: 498b d2e8 

  0x000001e02954d080: ; ImmutableOopMap {rbp=Oop }
                      ;*invokevirtual removeFirstOrNull {reexecute=0 rethrow=0 return_oop=1}
                      ; - kotlinx.coroutines.scheduling.CoroutineScheduler$Worker::pollGlobalQueues@53 (line 1049)
                      ; - kotlinx.coroutines.scheduling.CoroutineScheduler$Worker::findAnyTask@97 (line 1039)
  0x000001e02954d080: fc85 1000 

  0x000001e02954d084: ;   {other}
  0x000001e02954d084: 0f1f 8400 | 7403 0001 | 4885 c00f | 844d 0100 | 0044 8b50 | 0849 bb00 | 0000 3fe0 | 0100 004d 
  0x000001e02954d0a4: 03da 4d8b 

  0x000001e02954d0a8: ;   {metadata('kotlinx/coroutines/scheduling/Task')}
  0x000001e02954d0a8: 5338 49bb | e0cd 0241 | e001 0000 | 4d3b d30f | 85ba 0800 | 0048 81c4 | 9000 0000 

  0x000001e02954d0c4: ;   {poll_return}
  0x000001e02954d0c4: 5d49 3ba7 | 4804 0000 | 0f87 e60f | 0000 c344 | 8b92 a800 | 0000 458b | 420c 41d1 

  0x000001e02954d0e0: ;   {optimized virtual_call}
  0x000001e02954d0e0: e066 90e8 

  0x000001e02954d0e4: ; ImmutableOopMap {rbp=Oop }
                      ;*invokevirtual nextInt {reexecute=0 rethrow=0 return_oop=0}
                      ; - kotlinx.coroutines.scheduling.CoroutineScheduler$Worker::findAnyTask@14 (line 1033)
  0x000001e02954d0e4: d89d cfff 

  0x000001e02954d0e8: ;   {other}
  0x000001e02954d0e8: 0f1f 8400 | d803 0002 | 8bf8 33f6 | 85c0 400f | 94c6 85c0 | 0f84 b000 | 0000 4c8b | ed8b 9d94 
  0x000001e02954d108: 0000 0085 | db0f 8479 | 0800 0048 | 33ed 876b | 1c41 807f | 4000 0f85 | 1e02 0000 | 85ed 0f84 
  0x000001e02954d128: 1601 0000 | 448b 5d08 | 49ba 0000 | 003f e001 | 0000 4d03 | d34d 8b52 

  0x000001e02954d140: ;   {metadata('kotlinx/coroutines/scheduling/Task')}
  0x000001e02954d140: 3849 bbe0 | cd02 41e0 | 0100 004d | 3bd3 0f85 | 4c08 0000 | 488b c5e9 | 61ff ffff 

  0x000001e02954d15c: ; implicit exception: dispatches to 0x000001e02954df84
  0x000001e02954d15c: 458b 5a38 | 4585 db0f | 84b1 0800 | 0049 8bd3 

  0x000001e02954d16c: ;   {optimized virtual_call}
  0x000001e02954d16c: 6666 90e8 

  0x000001e02954d170: ; ImmutableOopMap {rbp=Oop }
                      ;*invokevirtual removeFirstOrNull {reexecute=0 rethrow=0 return_oop=1}
                      ; - kotlinx.coroutines.scheduling.CoroutineScheduler$Worker::pollGlobalQueues@15 (line 1046)
                      ; - kotlinx.coroutines.scheduling.CoroutineScheduler$Worker::findAnyTask@97 (line 1039)
  0x000001e02954d170: 0c85 1000 

  0x000001e02954d174: ;   {other}
  0x000001e02954d174: 0f1f 8400 | 6404 0003 | 4885 c00f | 8410 0400 | 0044 8b58 | 0849 ba00 | 0000 3fe0 | 0100 004d 
  0x000001e02954d194: 03d3 4d8b 

  0x000001e02954d198: ;   {metadata('kotlinx/coroutines/scheduling/Task')}
  0x000001e02954d198: 5238 49bb | e0cd 0241 | e001 0000 | 4d3b d30f | 857f 0800 | 00e9 0bff | ffff 8974 | 2424 8944 
  0x000001e02954d1b8: 2420 488b 

  0x000001e02954d1bc: ;   {optimized virtual_call}
  0x000001e02954d1bc: d566 90e8 

  0x000001e02954d1c0: ; ImmutableOopMap {rbp=Oop }
                      ;*invokespecial pollGlobalQueues {reexecute=0 rethrow=0 return_oop=1}
                      ; - kotlinx.coroutines.scheduling.CoroutineScheduler$Worker::findAnyTask@31 (line 1034)
  0x000001e02954d1c0: 1c39 9300 

  0x000001e02954d1c4: ;   {other}
  0x000001e02954d1c4: 0f1f 8400 | b404 0004 | 4885 c00f | 85e8 feff | ff8b 7c24 | 208b 7424 | 24e9 20ff | ffff 4c8b 
  0x000001e02954d1e4: c545 8b90 | a800 0000 

  0x000001e02954d1ec: ; implicit exception: dispatches to 0x000001e02954dfd8
  0x000001e02954d1ec: 458b 5a38 | 4585 db0f | 840f 0a00 | 0049 8bd3 

  0x000001e02954d1fc: ;   {optimized virtual_call}
  0x000001e02954d1fc: 6666 90e8 

  0x000001e02954d200: ; ImmutableOopMap {rbp=Oop }
                      ;*invokevirtual removeFirstOrNull {reexecute=0 rethrow=0 return_oop=1}
                      ; - kotlinx.coroutines.scheduling.CoroutineScheduler$Worker::pollGlobalQueues@77 (line 1050)
                      ; - kotlinx.coroutines.scheduling.CoroutineScheduler$Worker::findAnyTask@97 (line 1039)
  0x000001e02954d200: 7c84 1000 

  0x000001e02954d204: ;   {other}
  0x000001e02954d204: 0f1f 8400 | f404 0005 | 4885 c00f | 8457 0700 | 0044 8b58 | 0849 ba00 | 0000 3fe0 | 0100 004d 
  0x000001e02954d224: 03d3 4d8b 

  0x000001e02954d228: ;   {metadata('kotlinx/coroutines/scheduling/Task')}
  0x000001e02954d228: 5238 49bb | e0cd 0241 | e001 0000 | 4d3b d30f | 85df 0900 | 00e9 7bfe | ffff 448b | 4310 448b 
  0x000001e02954d248: 530c 453b | c20f 8531 | 0600 0045 | 33c9 4588 | a590 0000 | 0085 ff74 | 2c44 894c | 2420 498b 
  0x000001e02954d268: ed49 8bd5 

  0x000001e02954d26c: ;   {optimized virtual_call}
  0x000001e02954d26c: 6666 90e8 

  0x000001e02954d270: ; ImmutableOopMap {rbp=Oop }
                      ;*invokespecial pollGlobalQueues {reexecute=0 rethrow=0 return_oop=1}
                      ; - kotlinx.coroutines.scheduling.CoroutineScheduler$Worker::findAnyTask@79 (line 1037)
  0x000001e02954d270: 6c38 9300 

  0x000001e02954d274: ;   {other}
  0x000001e02954d274: 0f1f 8400 | 6405 0006 | 4885 c00f | 8538 feff | ff4c 8bed | 448b 4c24 | 2045 8b95 | a800 0000 
  0x000001e02954d294: 4585 d20f | 84af 0900 | 0041 bbff | ff1f 004d | 235a 2041 | 8bdb 83fb | 020f 8c19 | 0a00 0045 
  0x000001e02954d2b4: 8b95 8c00 | 0000 448d | 43ff 418b | cac1 e10d | 4133 ca44 | 8bd1 41c1 | fa11 4433 | d141 8bc2 
  0x000001e02954d2d4: c1e0 0541 | 33c2 4189 | 858c 0000 | 0041 85d8 | 7422 25ff | ffff 7f85 | db0f 84ed | 0900 003d 
  0x000001e02954d2f4: 0000 0080 | 7507 33d2 | 83fb ff74 | 0399 f7fb | 8bc2 eb03 | 4123 c085 | db0f 8e5f | 0500 0045 
  0x000001e02954d314: 8b85 a800 | 0000 4585 | c00f 8445 | 0900 0049 | 8bf0 8944 | 2448 33d2 | 48bf 0000 | 5f39 e001 
  0x000001e02954d334: 0000 48b8 | ffff ffff | ffff ff7f | eb64 85ed | 0f84 dafd | ffff 4d8b | 5728 488b | cd4d 85d2 
  0x000001e02954d354: 0f84 a306 | 0000 4d8b | 5f38 4b89 | 4c13 f849 | 83c2 f84d | 8957 28e9 | b4fd ffff 

  0x000001e02954d370: ;   {no_reloc}
  0x000001e02954d370: 4c8b 5c24 | 504c 8b6c | 2458 448b | 4c24 3441 | ffc1 443b | 4c24 280f | 8d00 0300 | 008b 5c24 
  0x000001e02954d390: 2848 8bd5 | 448b 4424 | 3048 8b74 | 2438 488b | 7c24 4049 | 8bc3 448b | 5424 4841 | ffc2 443b 
  0x000001e02954d3b0: d30f 8ffc | 0200 0045 | 8b58 4041 | 8b4b 0c8b | 490c 4889 | 4424 5044 | 8954 2448 | 4889 7c24 
  0x000001e02954d3d0: 4048 8974 | 2438 4489 | 4424 3048 | 8bea 895c | 2428 4489 | 4c24 3444 | 8b49 0c45 | 3bd1 0f8d 
  0x000001e02954d3f0: 7807 0000 | 453b d10f | 839f 0700 | 0046 8b54 | 9110 458b 

  0x000001e02954d404: ;   {metadata('kotlinx/coroutines/scheduling/CoroutineScheduler$Worker')}
  0x000001e02954d404: 4a08 4181 | f9f0 6903 | 020f 8514 | 0b00 004d | 3bd5 0f84 | d601 0000 | 4c89 6c24 | 5845 8b9a 
  0x000001e02954d424: 9400 0000 | 4489 5c24 | 4c45 8b95 | 9800 0000 | 4489 5424 | 6045 85db | 0f84 9607 | 0000 458b 
  0x000001e02954d444: 5b10 418b | cb44 8b5c | 244c 458b | 4b0c 4d8b | d34c 8954 | 2468 413b | c90f 8574 | 0200 0044 
  0x000001e02954d464: 8b54 244c | 458b 421c | 4585 c00f | 84fb feff | ff45 8b58 | 0849 ba00 | 0000 3fe0 | 0100 004d 
  0x000001e02954d484: 03d3 4d8b 

  0x000001e02954d488: ;   {metadata('kotlinx/coroutines/scheduling/Task')}
  0x000001e02954d488: 5238 49bb | e0cd 0241 | e001 0000 | 4d3b d30f | 8553 0700 | 004d 8bd0 | 4c89 5424 

  0x000001e02954d4a4: ;   {oop(a 'java/lang/Class'{0x0000000082157458} = 'kotlinx/coroutines/scheduling/TasksKt')}
  0x000001e02954d4a4: 7049 ba58 | 7415 8200 | 0000 0045 | 3b62 740f | 849f 0600 | 0049 ba90 | 28da 4afa | 7f00 0041 
  0x000001e02954d4c4: ;   {other}
  0x000001e02954d4c4: ffd2 0f1f | 8400 0000 | 0000 4c8b | 5424 7049 | 2b42 1048 | 3da0 8601 | 000f 8c7e 

  0x000001e02954d4e0: ;   {oop(a 'java/util/concurrent/atomic/AtomicReferenceFieldUpdater$AtomicReferenceFieldUpdaterImpl'{0x000000008215eb48})}
  0x000001e02954d4e0: 0000 0048 | ba48 eb15 | 8200 0000 | 004c 8b44 | 2468 4c8b | 4c24 7048 

  0x000001e02954d4f8: ;   {optimized virtual_call}
  0x000001e02954d4f8: 8bfd 90e8 

  0x000001e02954d4fc: ; ImmutableOopMap {[48]=NarrowOop [56]=Oop [76]=NarrowOop [88]=Oop [96]=NarrowOop [104]=Oop [112]=Oop }
                      ;*invokevirtual compareAndSet {reexecute=0 rethrow=0 return_oop=0}
                      ; - kotlinx.coroutines.scheduling.WorkQueue::tryStealLastScheduled@95 (line 216)
                      ; - kotlinx.coroutines.scheduling.WorkQueue::trySteal@34 (line 130)
                      ; - kotlinx.coroutines.scheduling.CoroutineScheduler$Worker::trySteal@112 (line 1068)
                      ; - kotlinx.coroutines.scheduling.CoroutineScheduler$Worker::findAnyTask@116 (line 1041)
  0x000001e02954d4fc: 604d c5ff 

  0x000001e02954d500: ;   {other}
  0x000001e02954d500: 0f1f 8400 | f007 0007 | 85c0 0f85 | ea00 0000 | 4d8b 9750 

  0x000001e02954d514: ; ImmutableOopMap {[48]=NarrowOop [56]=Oop [76]=NarrowOop [88]=Oop [96]=NarrowOop [104]=Oop }
                      ;*goto {reexecute=1 rethrow=0 return_oop=0}
                      ; - (reexecute) kotlinx.coroutines.scheduling.WorkQueue::tryStealLastScheduled@110 (line 220)
                      ; - kotlinx.coroutines.scheduling.WorkQueue::trySteal@34 (line 130)
                      ; - kotlinx.coroutines.scheduling.CoroutineScheduler$Worker::trySteal@112 (line 1068)
                      ; - kotlinx.coroutines.scheduling.CoroutineScheduler$Worker::findAnyTask@116 (line 1041)
                      ;   {poll}
  0x000001e02954d514: 0400 0041 | 8502 448b | 5424 4c45 | 8b42 1c45 | 85c0 0f84 | 44fe ffff | 458b 5808 | 49ba 0000 
  0x000001e02954d534: 003f e001 | 0000 4d03 | d34d 8b52 

  0x000001e02954d540: ;   {metadata('kotlinx/coroutines/scheduling/Task')}
  0x000001e02954d540: 3849 bbe0 | cd02 41e0 | 0100 004d | 3bd3 0f85 | e006 0000 | 4d8b d04c | 8954 2470 | e944 ffff 
  0x000001e02954d560: ff41 bba0 | 8601 004c | 2bd8 4983 | fbff 0f84 | ce00 0000 | 4d85 db0f | 8ef3 fdff | ff4c 8b54 
  0x000001e02954d580: 2450 4d3b | d30f 8ec5 | 0300 004c | 8b6c 2458 | e9e5 fdff | ff4c 8bc5 | 458b 98a8 | 0000 0045 
  0x000001e02954d5a0: 8b53 3c45 | 85d2 0f84 | f406 0000 

  0x000001e02954d5ac: ;   {optimized virtual_call}
  0x000001e02954d5ac: 498b d2e8 

  0x000001e02954d5b0: ; ImmutableOopMap {rbp=Oop }
                      ;*invokevirtual removeFirstOrNull {reexecute=0 rethrow=0 return_oop=1}
                      ; - kotlinx.coroutines.scheduling.CoroutineScheduler$Worker::pollGlobalQueues@39 (line 1047)
                      ; - kotlinx.coroutines.scheduling.CoroutineScheduler$Worker::findAnyTask@97 (line 1039)
  0x000001e02954d5b0: cc80 1000 

  0x000001e02954d5b4: ;   {other}
  0x000001e02954d5b4: 0f1f 8400 | a408 0009 | 4885 c00f | 84a7 0300 | 0044 8b50 | 0849 bb00 | 0000 3fe0 | 0100 004d 
  0x000001e02954d5d4: 03da 4d8b 

  0x000001e02954d5d8: ;   {metadata('kotlinx/coroutines/scheduling/Task')}
  0x000001e02954d5d8: 5338 49bb | e0cd 0241 | e001 0000 | 4d3b d30f | 85c7 0600 | 00e9 cbfa | ffff 4c8b | d8e9 80fd 
  0x000001e02954d5f8: ffff 8b7c | 2460 85ff | 0f84 ee06 | 0000 4180 | 7f40 000f | 8533 0400 | 004c 8b44 | 2470 4d8b 
  0x000001e02954d618: d04c 8bdf | 4489 470c | 4d33 d349 | c1ea 144d | 85d2 7416 | 49c1 eb09 | 4c8b 4424 | 404d 03c3 
  0x000001e02954d638: 4180 3802 | 0f85 3504 | 0000 4c8b | 5c24 5841 | 8b9b 9800 | 0000 8b73 | 0c44 8b56 | 0849 bb00 
  0x000001e02954d658: 0000 3fe0 | 0100 004d | 03da 4d8b 

  0x000001e02954d664: ;   {metadata('kotlinx/coroutines/scheduling/Task')}
  0x000001e02954d664: 5338 49bb | e0cd 0241 | e001 0000 | 4d3b d30f | 8513 0600 | 0041 807f | 4000 0f85 | 4603 0000 
  0x000001e02954d684: 4489 630c | 4c8b ceeb | 1e4c 8bcd | 4533 c049 | baff ffff | ffff ffff | 7f4d 3bda | 4d0f 44d8 
  0x000001e02954d6a4: 4d89 9d80 | 0000 0049 | 8bc1 e90a | faff ff41 | ba01 0000 | 00e9 f9fc | ffff 448b | 5c24 4c45 
  0x000001e02954d6c4: 8b53 1041 | 8bca 458b | 530c 413b | ca0f 848c | fdff ff44 | 8d51 0144 | 8b5c 244c | 8bc1 f045 
  0x000001e02954d6e4: 0fb1 5310 | 410f 94c0 | 450f b6c0 | 4d8b 9750 | 0400 0044 | 8bd9 4183 | e37f 418b 

  0x000001e02954d700: ; ImmutableOopMap {[48]=NarrowOop [56]=Oop [76]=NarrowOop [88]=Oop [96]=NarrowOop [104]=Oop }
                      ;*ifeq {reexecute=1 rethrow=0 return_oop=0}
                      ; - (reexecute) kotlinx.coroutines.scheduling.WorkQueue::pollBuffer@38 (line 235)
                      ; - kotlinx.coroutines.scheduling.WorkQueue::trySteal@6 (line 122)
                      ; - kotlinx.coroutines.scheduling.CoroutineScheduler$Worker::trySteal@112 (line 1068)
                      ; - kotlinx.coroutines.scheduling.CoroutineScheduler$Worker::findAnyTask@116 (line 1041)
                      ;   {poll}
  0x000001e02954d700: cb41 8502 | 4585 c074 | b544 8b54 | 244c 458b | 5218 458b | 420c 458b | 580c 413b | cb0f 8302 
  0x000001e02954d720: 0600 0045 | 8b58 084c | 63c9 49c1 

  0x000001e02954d72c: ;   {metadata('java/lang/Object'[])}
  0x000001e02954d72c: e102 4181 | fb48 1300 | 000f 8596 | 0600 004d | 8bd0 4833 | db43 875c | 0a10 4180 | 7f40 000f 
  0x000001e02954d74c: 8578 0300 | 0085 db0f | 8465 ffff | ff44 8b5b | 0849 ba00 | 0000 3fe0 | 0100 004d | 03d3 4d8b 
  0x000001e02954d76c: ;   {metadata('kotlinx/coroutines/scheduling/Task')}
  0x000001e02954d76c: 5238 49bb | e0cd 0241 | e001 0000 | 4d3b d30f | 851f 0600 | 004c 8bd3 | 4c89 5424 | 708b 6c24 
  0x000001e02954d78c: 2844 8b5c | 2448 4489 | 5c24 204c | 8b54 2438 | 4c89 5424 | 2844 8b54 | 2434 4489 | 5424 244c 
  0x000001e02954d7ac: 8b54 2450 | 4c89 5424 | 304c 8b54 | 2468 4c89 | 5424 3849 | 8bd2 4c8b 

  0x000001e02954d7c4: ;   {optimized virtual_call}
  0x000001e02954d7c4: 4424 70e8 

  0x000001e02954d7c8: ; ImmutableOopMap {[40]=Oop [56]=Oop [88]=Oop [96]=NarrowOop [112]=Oop }
                      ;*invokespecial decrementIfBlocking {reexecute=0 rethrow=0 return_oop=0}
                      ; - kotlinx.coroutines.scheduling.WorkQueue::pollBuffer@64 (line 238)
                      ; - kotlinx.coroutines.scheduling.WorkQueue::trySteal@6 (line 122)
                      ; - kotlinx.coroutines.scheduling.CoroutineScheduler$Worker::trySteal@112 (line 1068)
                      ; - kotlinx.coroutines.scheduling.CoroutineScheduler$Worker::findAnyTask@116 (line 1041)
  0x000001e02954d7c8: 74da 9100 

  0x000001e02954d7cc: ;   {other}
  0x000001e02954d7cc: 0f1f 8400 | bc0a 000b | 8b5c 2460 | 85db 0f84 | a805 0000 | 4180 7f40 | 000f 850c | 0300 004c 
  0x000001e02954d7ec: 8b44 2470 | 4d8b d04c | 8bdb 4489 | 430c 4d33 | d349 c1ea | 144d 85d2 | 0f84 38fe | ffff 49c1 
  0x000001e02954d80c: eb09 4c8b | 4424 404d | 03c3 4180 | 3802 0f84 | 22fe ffff | 4d8b 5748 | 4d8b 5f58 | f083 4424 
  0x000001e02954d82c: c000 4180 | 3800 0f84 | 0afe ffff | 4588 204d | 85d2 7520 | 498b c849 | 8bd7 49ba | 40dc 9e4a 
  0x000001e02954d84c: fa7f 0000 

  0x000001e02954d850: ;   {other}
  0x000001e02954d850: 41ff d20f | 1f84 0000 | 0000 00e9 | e2fd ffff | 4f89 4413 | f849 83c2 | f84d 8957 | 48e9 d0fd 
  0x000001e02954d870: ffff 49bb | ffff ffff | ffff ff7f | 4533 c9e9 | 0cfe ffff | 488b d345 | 33c9 458d | 5801 418b 
  0x000001e02954d890: c0f0 440f | b15b 1041 | 0f94 c345 | 0fb6 db49 | 8b87 5004 | 0000 4183 

  0x000001e02954d8a8: ; ImmutableOopMap {rbx=NarrowOop rdx=Oop r13=Oop }
                      ;*ifeq {reexecute=1 rethrow=0 return_oop=0}
                      ; - (reexecute) kotlinx.coroutines.scheduling.WorkQueue::pollBuffer@38 (line 235)
                      ; - kotlinx.coroutines.scheduling.WorkQueue::poll@17 (line 73)
                      ; - kotlinx.coroutines.scheduling.CoroutineScheduler$Worker::findAnyTask@52 (line 1035)
                      ;   {poll}
  0x000001e02954d8a8: e07f 8500 | 4585 db0f | 84ff 0000 | 0044 8b53 | 1845 8b5a | 0c41 8b6b | 0c44 3bc5 | 0f83 a005 
  0x000001e02954d8c8: 0000 458b | 5308 4d63 | c049 c1e0 

  0x000001e02954d8d4: ;   {metadata('java/lang/Object'[])}
  0x000001e02954d8d4: 0241 81fa | 4813 0000 | 0f85 c605 | 0000 4d8b | d348 33ed | 4387 6c02 | 1041 807f | 4000 0f85 
  0x000001e02954d8f4: 3202 0000 | 85ed 0f84 | b400 0000 | 448b 5d08 | 49ba 0000 | 003f e001 | 0000 4d03 | d34d 8b52 
  0x000001e02954d914: ;   {metadata('kotlinx/coroutines/scheduling/Task')}
  0x000001e02954d914: 3849 bbe0 | cd02 41e0 | 0100 004d | 3bd3 0f85 | 6c05 0000 | 4c8b d549 | 8bea 4c89 | 6c24 2089 
  0x000001e02954d934: 7424 284c 

  0x000001e02954d938: ;   {optimized virtual_call}
  0x000001e02954d938: 8bc5 90e8 

  0x000001e02954d93c: ; ImmutableOopMap {rbp=Oop [32]=Oop }
                      ;*invokespecial decrementIfBlocking {reexecute=0 rethrow=0 return_oop=0}
                      ; - kotlinx.coroutines.scheduling.WorkQueue::pollBuffer@64 (line 238)
                      ; - kotlinx.coroutines.scheduling.WorkQueue::poll@17 (line 73)
                      ; - kotlinx.coroutines.scheduling.CoroutineScheduler$Worker::findAnyTask@52 (line 1035)
  0x000001e02954d93c: 00d9 9100 

  0x000001e02954d940: ;   {other}
  0x000001e02954d940: 0f1f 8400 | 300c 000d | 488b c5e9 | 6df7 ffff | 4d8b dae9 | 33fc ffff | baf6 ffff 

  0x000001e02954d95c: ;   {runtime_call UncommonTrapBlob}
  0x000001e02954d95c: ff66 90e8 

  0x000001e02954d960: ; ImmutableOopMap {}
                      ;*invokevirtual removeFirstOrNull {reexecute=0 rethrow=0 return_oop=0}
                      ; - kotlinx.coroutines.scheduling.CoroutineScheduler$Worker::pollGlobalQueues@53 (line 1049)
                      ; - kotlinx.coroutines.scheduling.CoroutineScheduler$Worker::findAnyTask@97 (line 1039)
  0x000001e02954d960: 9c6c 37ff 

  0x000001e02954d964: ;   {other}
  0x000001e02954d964: 0f1f 8400 | 540c 000e | 4533 c94c | 8bed e916 | f9ff ffba | deff ffff 

  0x000001e02954d97c: ;   {runtime_call UncommonTrapBlob}
  0x000001e02954d97c: 488b e8e8 

  0x000001e02954d980: ; ImmutableOopMap {rbp=Oop }
                      ;*checkcast {reexecute=0 rethrow=0 return_oop=0}
                      ; - kotlinx.coroutines.scheduling.CoroutineScheduler$Worker::pollGlobalQueues@56 (line 1049)
                      ; - kotlinx.coroutines.scheduling.CoroutineScheduler$Worker::findAnyTask@97 (line 1039)
  0x000001e02954d980: 7c6c 37ff 

  0x000001e02954d984: ;   {other}
  0x000001e02954d984: 0f1f 8400 | 740c 000f | baf6 ffff 

  0x000001e02954d990: ;   {runtime_call UncommonTrapBlob}
  0x000001e02954d990: ff66 90e8 

  0x000001e02954d994: ; ImmutableOopMap {}
                      ;*invokevirtual poll {reexecute=0 rethrow=0 return_oop=0}
                      ; - kotlinx.coroutines.scheduling.CoroutineScheduler$Worker::findAnyTask@52 (line 1035)
  0x000001e02954d994: 686c 37ff 

  0x000001e02954d998: ;   {other}
  0x000001e02954d998: 0f1f 8400 | 880c 0010 | bade ffff 

  0x000001e02954d9a4: ;   {runtime_call UncommonTrapBlob}
  0x000001e02954d9a4: ff66 90e8 

  0x000001e02954d9a8: ; ImmutableOopMap {rbp=NarrowOop }
                      ;*checkcast {reexecute=0 rethrow=0 return_oop=0}
                      ; - kotlinx.coroutines.scheduling.WorkQueue::poll@8 (line 73)
                      ; - kotlinx.coroutines.scheduling.CoroutineScheduler$Worker::findAnyTask@52 (line 1035)
  0x000001e02954d9a8: 546c 37ff 

  0x000001e02954d9ac: ;   {other}
  0x000001e02954d9ac: 0f1f 8400 | 9c0c 0011 | 448b 4310 | 448b 5b0c | 453b c30f | 85c5 feff | ffe9 8cf8 | ffff 448b 
  0x000001e02954d9cc: 530c 4585 | d20f 84ad | fcff ff4d | 8b5f 2849 | 8bca 4d85 | db0f 8421 | 0300 004d | 8b57 384b 
  0x000001e02954d9ec: 894c 1af8 | 4983 c3f8 | 4d89 5f28 | e987 fcff | ff49 8bd7 | 49ba 60dc | 9e4a fa7f | 0000 41ff 
  0x000001e02954da0c: ;   {other}
  0x000001e02954da0c: d20f 1f84 | 0000 0000 | 00e9 0af7 | ffff baf6 

  0x000001e02954da1c: ;   {runtime_call UncommonTrapBlob}
  0x000001e02954da1c: ffff ffe8 

  0x000001e02954da20: ; ImmutableOopMap {}
                      ;*invokevirtual removeFirstOrNull {reexecute=0 rethrow=0 return_oop=0}
                      ; - kotlinx.coroutines.scheduling.CoroutineScheduler$Worker::pollGlobalQueues@15 (line 1046)
                      ; - kotlinx.coroutines.scheduling.CoroutineScheduler$Worker::findAnyTask@97 (line 1039)
  0x000001e02954da20: dc6b 37ff 

  0x000001e02954da24: ;   {other}
  0x000001e02954da24: 0f1f 8400 | 140d 0012 | bade ffff | ff48 8be8 

  0x000001e02954da34: ;   {runtime_call UncommonTrapBlob}
  0x000001e02954da34: 6666 90e8 

  0x000001e02954da38: ; ImmutableOopMap {rbp=Oop }
                      ;*checkcast {reexecute=0 rethrow=0 return_oop=0}
                      ; - kotlinx.coroutines.scheduling.CoroutineScheduler$Worker::pollGlobalQueues@18 (line 1046)
                      ; - kotlinx.coroutines.scheduling.CoroutineScheduler$Worker::findAnyTask@97 (line 1039)
  0x000001e02954da38: c46b 37ff 

  0x000001e02954da3c: ;   {other}
  0x000001e02954da3c: 0f1f 8400 | 2c0d 0013 | 448b 5f0c | 4585 db0f | 84c0 fbff | ff4d 8b57 | 2849 8bcb | 4d85 d20f 
  0x000001e02954da5c: 8453 0300 | 004d 8b5f | 384b 894c | 13f8 4983 | c2f8 4d89 | 5728 e99a | fbff ff4d | 8b57 484d 
  0x000001e02954da7c: 8b5f 58f0 | 8344 24c0 | 0041 8038 | 000f 84b3 | fbff ff45 | 8820 4d85 | d275 2049 | 8bc8 498b 
  0x000001e02954da9c: d749 ba40 | dc9e 4afa | 7f00 0041 

  0x000001e02954daa8: ;   {other}
  0x000001e02954daa8: ffd2 0f1f | 8400 0000 | 0000 e98b | fbff ff4f | 8944 13f8 | 4983 c2f8 | 4d89 5748 | e979 fbff 
  0x000001e02954dac8: ff85 db0f | 8480 fcff | ff4d 8b57 | 2848 8bcb | 4d85 d20f | 844f 0300 | 004d 8b5f | 384b 894c 
  0x000001e02954dae8: 13f8 4983 | c2f8 4d89 | 5728 e95a | fcff ff44 | 8b53 0c45 | 85d2 0f84 | e7fc ffff | 4d8b 5f28 
  0x000001e02954db08: 498b ca4d | 85db 0f84 | 3903 0000 | 4d8b 5738 | 4b89 4c1a | f849 83c3 | f84d 895f | 28e9 c1fc 
  0x000001e02954db28: ffff 85ed | 0f84 c6fd | ffff 4d8b | 5728 488b | cd4d 85d2 | 0f84 aa03 | 0000 4d8b | 5f38 4b89 
  0x000001e02954db48: 4c13 f849 | 83c2 f84d | 8957 28e9 | a0fd ffff | baf6 ffff 

  0x000001e02954db5c: ;   {runtime_call UncommonTrapBlob}
  0x000001e02954db5c: ff66 90e8 

  0x000001e02954db60: ; ImmutableOopMap {}
                      ;*invokevirtual nanoTime {reexecute=0 rethrow=0 return_oop=0}
                      ; - kotlinx.coroutines.scheduling.WorkQueue::tryStealLastScheduled@59 (line 206)
                      ; - kotlinx.coroutines.scheduling.WorkQueue::trySteal@34 (line 130)
                      ; - kotlinx.coroutines.scheduling.CoroutineScheduler$Worker::trySteal@112 (line 1068)
                      ; - kotlinx.coroutines.scheduling.CoroutineScheduler$Worker::findAnyTask@116 (line 1041)
  0x000001e02954db60: 9c6a 37ff 

  0x000001e02954db64: ;   {other}
  0x000001e02954db64: 0f1f 8400 | 540e 0014 | baf4 ffff | ff49 8bed | 895c 2420 | 448b 5424 | 3044 8954 | 2428 448b 
  0x000001e02954db84: 5c24 3444 | 895c 242c 

  0x000001e02954db8c: ;   {runtime_call UncommonTrapBlob}
  0x000001e02954db8c: 6666 90e8 

  0x000001e02954db90: ; ImmutableOopMap {rbp=Oop [40]=NarrowOop }
                      ;*checkcast {reexecute=0 rethrow=0 return_oop=0}
                      ; - kotlinx.coroutines.scheduling.CoroutineScheduler$Worker::trySteal@86 (line 1066)
                      ; - kotlinx.coroutines.scheduling.CoroutineScheduler$Worker::findAnyTask@116 (line 1041)
  0x000001e02954db90: 6c6a 37ff 

  0x000001e02954db94: ;   {other}
  0x000001e02954db94: 0f1f 8400 | 840e 0015 | bae4 ffff | ff49 8bed | 895c 2420 | 4489 5424 | 2444 8b5c | 2430 4489 
  0x000001e02954dbb4: 5c24 2844 | 8b54 2434 | 4489 5424 | 2c89 4c24 | 3844 894c 

  0x000001e02954dbc8: ;   {runtime_call UncommonTrapBlob}
  0x000001e02954dbc8: 2440 90e8 

  0x000001e02954dbcc: ; ImmutableOopMap {rbp=Oop [40]=NarrowOop [56]=NarrowOop }
                      ;*invokestatic checkIndex {reexecute=0 rethrow=0 return_oop=0}
                      ; - java.lang.invoke.VarHandleReferences$Array::getVolatile@30 (line 604)
                      ; - java.lang.invoke.VarHandleGuards::guard_LI_L@45 (line 687)
                      ; - java.util.concurrent.atomic.AtomicReferenceArray::get@8 (line 101)
                      ; - kotlinx.coroutines.internal.ResizableAtomicArray::get@15 (line 18)
                      ; - kotlinx.coroutines.scheduling.CoroutineScheduler$Worker::trySteal@83 (line 1066)
                      ; - kotlinx.coroutines.scheduling.CoroutineScheduler$Worker::findAnyTask@116 (line 1041)
  0x000001e02954dbcc: 306a 37ff 

  0x000001e02954dbd0: ;   {other}
  0x000001e02954dbd0: 0f1f 8400 | c00e 0016 | baf6 ffff | ff41 8bea 

  0x000001e02954dbe0: ;   {runtime_call UncommonTrapBlob}
  0x000001e02954dbe0: 6666 90e8 

  0x000001e02954dbe4: ; ImmutableOopMap {rbp=NarrowOop }
                      ;*invokevirtual trySteal {reexecute=0 rethrow=0 return_oop=0}
                      ; - kotlinx.coroutines.scheduling.CoroutineScheduler$Worker::trySteal@112 (line 1068)
                      ; - kotlinx.coroutines.scheduling.CoroutineScheduler$Worker::findAnyTask@116 (line 1041)
  0x000001e02954dbe4: 186a 37ff 

  0x000001e02954dbe8: ;   {other}
  0x000001e02954dbe8: 0f1f 8400 | d80e 0017 | bade ffff | ff41 8be8 

  0x000001e02954dbf8: ;   {runtime_call UncommonTrapBlob}
  0x000001e02954dbf8: 6666 90e8 

  0x000001e02954dbfc: ; ImmutableOopMap {rbp=NarrowOop }
                      ;*checkcast {reexecute=0 rethrow=0 return_oop=0}
                      ; - kotlinx.coroutines.scheduling.WorkQueue::tryStealLastScheduled@8 (line 200)
                      ; - kotlinx.coroutines.scheduling.WorkQueue::trySteal@34 (line 130)
                      ; - kotlinx.coroutines.scheduling.CoroutineScheduler$Worker::trySteal@112 (line 1068)
                      ; - kotlinx.coroutines.scheduling.CoroutineScheduler$Worker::findAnyTask@116 (line 1041)
  0x000001e02954dbfc: 006a 37ff 

  0x000001e02954dc00: ;   {other}
  0x000001e02954dc00: 0f1f 8400 | f00e 0018 | baf6 ffff 

  0x000001e02954dc0c: ;   {runtime_call UncommonTrapBlob}
  0x000001e02954dc0c: ff66 90e8 

  0x000001e02954dc10: ; ImmutableOopMap {}
                      ;*invokevirtual removeFirstOrNull {reexecute=0 rethrow=0 return_oop=0}
                      ; - kotlinx.coroutines.scheduling.CoroutineScheduler$Worker::pollGlobalQueues@77 (line 1050)
                      ; - kotlinx.coroutines.scheduling.CoroutineScheduler$Worker::findAnyTask@97 (line 1039)
  0x000001e02954dc10: ec69 37ff 

  0x000001e02954dc14: ;   {other}
  0x000001e02954dc14: 0f1f 8400 | 040f 0019 | bade ffff | ff48 8be8 

  0x000001e02954dc24: ;   {runtime_call UncommonTrapBlob}
  0x000001e02954dc24: 6666 90e8 

  0x000001e02954dc28: ; ImmutableOopMap {rbp=Oop }
                      ;*checkcast {reexecute=0 rethrow=0 return_oop=0}
                      ; - kotlinx.coroutines.scheduling.CoroutineScheduler$Worker::pollGlobalQueues@80 (line 1050)
                      ; - kotlinx.coroutines.scheduling.CoroutineScheduler$Worker::findAnyTask@97 (line 1039)
  0x000001e02954dc28: d469 37ff 

  0x000001e02954dc2c: ;   {other}
  0x000001e02954dc2c: 0f1f 8400 | 1c0f 001a | bade ffff | ff41 8be8 

  0x000001e02954dc3c: ;   {runtime_call UncommonTrapBlob}
  0x000001e02954dc3c: 6666 90e8 

  0x000001e02954dc40: ; ImmutableOopMap {rbp=NarrowOop }
                      ;*checkcast {reexecute=0 rethrow=0 return_oop=0}
                      ; - kotlinx.coroutines.scheduling.WorkQueue::tryStealLastScheduled@8 (line 200)
                      ; - kotlinx.coroutines.scheduling.WorkQueue::trySteal@34 (line 130)
                      ; - kotlinx.coroutines.scheduling.CoroutineScheduler$Worker::trySteal@112 (line 1068)
                      ; - kotlinx.coroutines.scheduling.CoroutineScheduler$Worker::findAnyTask@116 (line 1041)
  0x000001e02954dc40: bc69 37ff 

  0x000001e02954dc44: ;   {other}
  0x000001e02954dc44: 0f1f 8400 | 340f 001b | baf4 ffff | ff49 8bed | 4489 5424 

  0x000001e02954dc58: ;   {runtime_call UncommonTrapBlob}
  0x000001e02954dc58: 2066 90e8 

  0x000001e02954dc5c: ; ImmutableOopMap {rbp=Oop [32]=NarrowOop }
                      ;*invokevirtual isInstance {reexecute=0 rethrow=0 return_oop=0}
                      ; - java.util.concurrent.atomic.AtomicLongFieldUpdater$CASUpdater::accessCheck@5 (line 440)
                      ; - java.util.concurrent.atomic.AtomicLongFieldUpdater$CASUpdater::get@2 (line 483)
                      ; - kotlinx.coroutines.scheduling.CoroutineScheduler$Worker::trySteal@12 (line 1197)
                      ; - kotlinx.coroutines.scheduling.CoroutineScheduler$Worker::findAnyTask@116 (line 1041)
  0x000001e02954dc5c: a069 37ff 

  0x000001e02954dc60: ;   {other}
  0x000001e02954dc60: 0f1f 8400 | 500f 001c | ba76 ffff | ff49 8bed | 8944 2424 | 4489 4424 | 2889 5c24 

  0x000001e02954dc7c: ;   {runtime_call UncommonTrapBlob}
  0x000001e02954dc7c: 2c66 90e8 

  0x000001e02954dc80: ; ImmutableOopMap {rbp=Oop [40]=NarrowOop }
                      ;*if_icmpge {reexecute=1 rethrow=0 return_oop=0}
                      ; - (reexecute) kotlinx.coroutines.scheduling.CoroutineScheduler$Worker::trySteal@56 (line 1063)
                      ; - kotlinx.coroutines.scheduling.CoroutineScheduler$Worker::findAnyTask@116 (line 1041)
  0x000001e02954dc80: 7c69 37ff 

  0x000001e02954dc84: ;   {other}
  0x000001e02954dc84: 0f1f 8400 | 740f 001d | bade ffff 

  0x000001e02954dc90: ;   {runtime_call UncommonTrapBlob}
  0x000001e02954dc90: ff8b eee8 

  0x000001e02954dc94: ; ImmutableOopMap {rbp=NarrowOop }
                      ;*checkcast {reexecute=0 rethrow=0 return_oop=0}
                      ; - kotlinx.coroutines.scheduling.CoroutineScheduler$Worker::trySteal@133 (line 1070)
                      ; - kotlinx.coroutines.scheduling.CoroutineScheduler$Worker::findAnyTask@116 (line 1041)
  0x000001e02954dc94: 6869 37ff 

  0x000001e02954dc98: ;   {other}
  0x000001e02954dc98: 0f1f 8400 | 880f 001e | baf6 ffff 

  0x000001e02954dca4: ;   {runtime_call UncommonTrapBlob}
  0x000001e02954dca4: ff66 90e8 

  0x000001e02954dca8: ; ImmutableOopMap {}
                      ;*invokevirtual removeFirstOrNull {reexecute=0 rethrow=0 return_oop=0}
                      ; - kotlinx.coroutines.scheduling.CoroutineScheduler$Worker::pollGlobalQueues@39 (line 1047)
                      ; - kotlinx.coroutines.scheduling.CoroutineScheduler$Worker::findAnyTask@97 (line 1039)
  0x000001e02954dca8: 5469 37ff 

  0x000001e02954dcac: ;   {other}
  0x000001e02954dcac: 0f1f 8400 | 9c0f 001f | bade ffff | ff48 8be8 

  0x000001e02954dcbc: ;   {runtime_call UncommonTrapBlob}
  0x000001e02954dcbc: 6666 90e8 

  0x000001e02954dcc0: ; ImmutableOopMap {rbp=Oop }
                      ;*checkcast {reexecute=0 rethrow=0 return_oop=0}
                      ; - kotlinx.coroutines.scheduling.CoroutineScheduler$Worker::pollGlobalQueues@42 (line 1047)
                      ; - kotlinx.coroutines.scheduling.CoroutineScheduler$Worker::findAnyTask@97 (line 1039)
  0x000001e02954dcc0: 3c69 37ff 

  0x000001e02954dcc4: ;   {other}
  0x000001e02954dcc4: 0f1f 8400 | b40f 0020 | ba45 ffff 

  0x000001e02954dcd0: ;   {runtime_call UncommonTrapBlob}
  0x000001e02954dcd0: ff8b ebe8 

  0x000001e02954dcd4: ; ImmutableOopMap {}
                      ;*if_icmpge {reexecute=1 rethrow=0 return_oop=0}
                      ; - (reexecute) kotlinx.coroutines.scheduling.CoroutineScheduler$Worker::trySteal@23 (line 1057)
                      ; - kotlinx.coroutines.scheduling.CoroutineScheduler$Worker::findAnyTask@116 (line 1041)
  0x000001e02954dcd4: 2869 37ff 

  0x000001e02954dcd8: ;   {other}
  0x000001e02954dcd8: 0f1f 8400 | c80f 0021 | ba86 ffff 

  0x000001e02954dce4: ;   {runtime_call UncommonTrapBlob}
  0x000001e02954dce4: ff8b e8e8 

  0x000001e02954dce8: ; ImmutableOopMap {}
                      ;*irem {reexecute=0 rethrow=0 return_oop=0}
                      ; - kotlinx.coroutines.scheduling.CoroutineScheduler$Worker::nextInt@50 (line 931)
                      ; - kotlinx.coroutines.scheduling.CoroutineScheduler$Worker::trySteal@32 (line 1061)
                      ; - kotlinx.coroutines.scheduling.CoroutineScheduler$Worker::findAnyTask@116 (line 1041)
  0x000001e02954dce8: 1469 37ff 

  0x000001e02954dcec: ;   {other}
  0x000001e02954dcec: 0f1f 8400 | dc0f 0022 | baf6 ffff 

  0x000001e02954dcf8: ;   {runtime_call UncommonTrapBlob}
  0x000001e02954dcf8: ff66 90e8 

  0x000001e02954dcfc: ; ImmutableOopMap {[112]=Oop }
                      ;*putfield element {reexecute=1 rethrow=0 return_oop=0}
                      ; - (reexecute) kotlinx.coroutines.scheduling.WorkQueue::tryStealLastScheduled@103 (line 217)
                      ; - kotlinx.coroutines.scheduling.WorkQueue::trySteal@34 (line 130)
                      ; - kotlinx.coroutines.scheduling.CoroutineScheduler$Worker::trySteal@112 (line 1068)
                      ; - kotlinx.coroutines.scheduling.CoroutineScheduler$Worker::findAnyTask@116 (line 1041)
  0x000001e02954dcfc: 0069 37ff 

  0x000001e02954dd00: ;   {other}
  0x000001e02954dd00: 0f1f 8400 | f00f 0023 | 498b d749 | ba60 dc9e | 4afa 7f00 | 0041 ffd2 

  0x000001e02954dd18: ;   {other}
  0x000001e02954dd18: 0f1f 8400 | 0000 0000 | e95f f9ff | ffba e4ff | ffff 488b | 6c24 5844 | 8b54 2428 | 4489 5424 
  0x000001e02954dd38: 2044 8b4c | 2448 4489 | 4c24 2444 | 8b54 2430 | 4489 5424 | 2844 8b4c | 2434 4489 | 4c24 2c4c 
  0x000001e02954dd58: 8b54 2450 | 4c89 5424 | 3044 8b54 | 244c 4489 | 5424 4044 | 8944 2448 | 894c 244c | 4489 5c24 
  0x000001e02954dd78: ;   {runtime_call UncommonTrapBlob}
  0x000001e02954dd78: 5066 90e8 

  0x000001e02954dd7c: ; ImmutableOopMap {rbp=Oop [40]=NarrowOop [64]=NarrowOop [72]=NarrowOop [96]=NarrowOop }
                      ;*invokestatic checkIndex {reexecute=0 rethrow=0 return_oop=0}
                      ; - java.lang.invoke.VarHandleReferences$Array::getAndSet@32 (line 735)
                      ; - java.lang.invoke.VarHandleGuards::guard_LIL_L@50 (line 743)
                      ; - java.util.concurrent.atomic.AtomicReferenceArray::getAndSet@9 (line 138)
                      ; - kotlinx.coroutines.scheduling.WorkQueue::pollBuffer@47 (line 237)
                      ; - kotlinx.coroutines.scheduling.WorkQueue::trySteal@6 (line 122)
                      ; - kotlinx.coroutines.scheduling.CoroutineScheduler$Worker::trySteal@112 (line 1068)
                      ; - kotlinx.coroutines.scheduling.CoroutineScheduler$Worker::findAnyTask@116 (line 1041)
  0x000001e02954dd7c: 8068 37ff 

  0x000001e02954dd80: ;   {other}
  0x000001e02954dd80: 0f1f 8400 | 7010 0024 | baf6 ffff | ff48 8b6c 

  0x000001e02954dd90: ;   {runtime_call UncommonTrapBlob}
  0x000001e02954dd90: 2470 90e8 

  0x000001e02954dd94: ; ImmutableOopMap {rbp=Oop }
                      ;*putfield element {reexecute=1 rethrow=0 return_oop=0}
                      ; - (reexecute) kotlinx.coroutines.scheduling.WorkQueue::trySteal@24 (line 127)
                      ; - kotlinx.coroutines.scheduling.CoroutineScheduler$Worker::trySteal@112 (line 1068)
                      ; - kotlinx.coroutines.scheduling.CoroutineScheduler$Worker::findAnyTask@116 (line 1041)
  0x000001e02954dd94: 6868 37ff 

  0x000001e02954dd98: ;   {other}
  0x000001e02954dd98: 0f1f 8400 | 8810 0025 | bade ffff 

  0x000001e02954dda4: ;   {runtime_call UncommonTrapBlob}
  0x000001e02954dda4: ff8b ebe8 

  0x000001e02954dda8: ; ImmutableOopMap {rbp=NarrowOop }
                      ;*checkcast {reexecute=0 rethrow=0 return_oop=0}
                      ; - kotlinx.coroutines.scheduling.WorkQueue::pollBuffer@50 (line 237)
                      ; - kotlinx.coroutines.scheduling.WorkQueue::trySteal@6 (line 122)
                      ; - kotlinx.coroutines.scheduling.CoroutineScheduler$Worker::trySteal@112 (line 1068)
                      ; - kotlinx.coroutines.scheduling.CoroutineScheduler$Worker::findAnyTask@116 (line 1041)
  0x000001e02954dda8: 5468 37ff 

  0x000001e02954ddac: ;   {other}
  0x000001e02954ddac: 0f1f 8400 | 9c10 0026 | 498b d749 | ba60 dc9e | 4afa 7f00 | 0041 ffd2 

  0x000001e02954ddc4: ;   {other}
  0x000001e02954ddc4: 0f1f 8400 | 0000 0000 | e940 f8ff | ff49 83c1 | 10ba 45ff | ffff 49ba | 0000 003f | e001 0000 
  0x000001e02954dde4: 4d03 d34d | 8b52 7049 | 8b2a 4c8b | 5424 584c | 8954 2420 | 448b 5424 | 4844 8954 | 242c 4c8b 
  0x000001e02954de04: 5424 504c | 8954 2438 | 448b 5424 | 4c44 8954 | 2448 4c89 | 4c24 5044 | 8944 2458 

  0x000001e02954de20: ;   {runtime_call UncommonTrapBlob}
  0x000001e02954de20: 6666 90e8 

  0x000001e02954de24: ; ImmutableOopMap {rbp=Oop [32]=Oop [48]=NarrowOop [72]=NarrowOop [88]=NarrowOop [96]=NarrowOop }
                      ;*if_acmpne {reexecute=1 rethrow=0 return_oop=0}
                      ; - (reexecute) java.lang.invoke.VarHandleReferences$Array::runtimeTypeCheck@8 (line 567)
                      ; - java.lang.invoke.VarHandleReferences$Array::getAndSet@54 (line 736)
                      ; - java.lang.invoke.VarHandleGuards::guard_LIL_L@50 (line 743)
                      ; - java.util.concurrent.atomic.AtomicReferenceArray::getAndSet@9 (line 138)
                      ; - kotlinx.coroutines.scheduling.WorkQueue::pollBuffer@47 (line 237)
                      ; - kotlinx.coroutines.scheduling.WorkQueue::trySteal@6 (line 122)
                      ; - kotlinx.coroutines.scheduling.CoroutineScheduler$Worker::trySteal@112 (line 1068)
                      ; - kotlinx.coroutines.scheduling.CoroutineScheduler$Worker::findAnyTask@116 (line 1041)
  0x000001e02954de24: d867 37ff 

  0x000001e02954de28: ;   {other}
  0x000001e02954de28: 0f1f 8400 | 1811 0027 | 498b d749 | ba60 dc9e | 4afa 7f00 | 0041 ffd2 

  0x000001e02954de40: ;   {other}
  0x000001e02954de40: 0f1f 8400 | 0000 0000 | e904 f9ff | ff49 8bd7 | 49ba 60dc | 9e4a fa7f | 0000 41ff 

  0x000001e02954de5c: ;   {other}
  0x000001e02954de5c: d20f 1f84 | 0000 0000 | 00e9 81f9 | ffff bae4 | ffff ff4c | 896c 2420 | 8974 2428 | 895c 242c 
  0x000001e02954de7c: 4489 4424 | 3044 895c 

  0x000001e02954de84: ;   {runtime_call UncommonTrapBlob}
  0x000001e02954de84: 2438 90e8 

  0x000001e02954de88: ; ImmutableOopMap {[32]=Oop [44]=NarrowOop [56]=NarrowOop }
                      ;*invokestatic checkIndex {reexecute=0 rethrow=0 return_oop=0}
                      ; - java.lang.invoke.VarHandleReferences$Array::getAndSet@32 (line 735)
                      ; - java.lang.invoke.VarHandleGuards::guard_LIL_L@50 (line 743)
                      ; - java.util.concurrent.atomic.AtomicReferenceArray::getAndSet@9 (line 138)
                      ; - kotlinx.coroutines.scheduling.WorkQueue::pollBuffer@47 (line 237)
                      ; - kotlinx.coroutines.scheduling.WorkQueue::poll@17 (line 73)
                      ; - kotlinx.coroutines.scheduling.CoroutineScheduler$Worker::findAnyTask@52 (line 1035)
  0x000001e02954de88: 7467 37ff 

  0x000001e02954de8c: ;   {other}
  0x000001e02954de8c: 0f1f 8400 | 7c11 0028 | bade ffff 

  0x000001e02954de98: ;   {runtime_call UncommonTrapBlob}
  0x000001e02954de98: ff66 90e8 

  0x000001e02954de9c: ; ImmutableOopMap {rbp=NarrowOop }
                      ;*checkcast {reexecute=0 rethrow=0 return_oop=0}
                      ; - kotlinx.coroutines.scheduling.WorkQueue::pollBuffer@50 (line 237)
                      ; - kotlinx.coroutines.scheduling.WorkQueue::poll@17 (line 73)
                      ; - kotlinx.coroutines.scheduling.CoroutineScheduler$Worker::findAnyTask@52 (line 1035)
  0x000001e02954de9c: 6067 37ff 

  0x000001e02954dea0: ;   {other}
  0x000001e02954dea0: 0f1f 8400 | 9011 0029 | 4983 c010 | ba45 ffff | ff49 b900 | 0000 3fe0 | 0100 004d | 03ca 4d8b 
  0x000001e02954dec0: 5170 498b | 2a4c 896c | 2420 8974 | 2428 895c | 242c 4c89 | 4424 3844 | 895c 2434 

  0x000001e02954dedc: ;   {runtime_call UncommonTrapBlob}
  0x000001e02954dedc: 6666 90e8 

  0x000001e02954dee0: ; ImmutableOopMap {rbp=Oop [32]=Oop [44]=NarrowOop [52]=NarrowOop }
                      ;*if_acmpne {reexecute=1 rethrow=0 return_oop=0}
                      ; - (reexecute) java.lang.invoke.VarHandleReferences$Array::runtimeTypeCheck@8 (line 567)
                      ; - java.lang.invoke.VarHandleReferences$Array::getAndSet@54 (line 736)
                      ; - java.lang.invoke.VarHandleGuards::guard_LIL_L@50 (line 743)
                      ; - java.util.concurrent.atomic.AtomicReferenceArray::getAndSet@9 (line 138)
                      ; - kotlinx.coroutines.scheduling.WorkQueue::pollBuffer@47 (line 237)
                      ; - kotlinx.coroutines.scheduling.WorkQueue::poll@17 (line 73)
                      ; - kotlinx.coroutines.scheduling.CoroutineScheduler$Worker::findAnyTask@52 (line 1035)
  0x000001e02954dee0: 1c67 37ff 

  0x000001e02954dee4: ;   {other}
  0x000001e02954dee4: 0f1f 8400 | d411 002a | 4889 5424 | 2889 7424 | 2044 8bf7 | 418b f149 | 8bd7 49ba | 60dc 9e4a 
  0x000001e02954df04: fa7f 0000 

  0x000001e02954df08: ;   {other}
  0x000001e02954df08: 41ff d20f | 1f84 0000 | 0000 0044 | 8bce 418b | fe8b 7424 | 2048 8b54 | 2428 e9d1 | f9ff ffba 
  0x000001e02954df28: deff ffff | 498b ed89 | 5c24 2044 | 8b44 2430 | 4489 4424 | 2844 8b5c | 2434 4489 | 5c24 2c44 
  0x000001e02954df48: 8954 2438 

  0x000001e02954df4c: ;   {runtime_call UncommonTrapBlob}
  0x000001e02954df4c: 6666 90e8 

  0x000001e02954df50: ; ImmutableOopMap {rbp=Oop [40]=NarrowOop [56]=NarrowOop }
                      ;*checkcast {reexecute=0 rethrow=0 return_oop=0}
                      ; - kotlinx.coroutines.scheduling.CoroutineScheduler$Worker::trySteal@86 (line 1066)
                      ; - kotlinx.coroutines.scheduling.CoroutineScheduler$Worker::findAnyTask@116 (line 1041)
  0x000001e02954df50: ac66 37ff 

  0x000001e02954df54: ;   {other}
  0x000001e02954df54: 0f1f 8400 | 4412 002b | baf6 ffff 

  0x000001e02954df60: ;   {runtime_call UncommonTrapBlob}
  0x000001e02954df60: ff66 90e8 

  0x000001e02954df64: ; ImmutableOopMap {}
                      ;*getfield globalBlockingQueue {reexecute=1 rethrow=0 return_oop=0}
                      ; - (reexecute) kotlinx.coroutines.scheduling.CoroutineScheduler$Worker::pollGlobalQueues@50 (line 1049)
                      ; - kotlinx.coroutines.scheduling.CoroutineScheduler$Worker::findAnyTask@97 (line 1039)
  0x000001e02954df64: 9866 37ff 

  0x000001e02954df68: ;   {other}
  0x000001e02954df68: 0f1f 8400 | 5812 002c | baf6 ffff 

  0x000001e02954df74: ;   {runtime_call UncommonTrapBlob}
  0x000001e02954df74: ff66 90e8 

  0x000001e02954df78: ; ImmutableOopMap {}
                      ;*getfield corePoolSize {reexecute=1 rethrow=0 return_oop=0}
                      ; - (reexecute) kotlinx.coroutines.scheduling.CoroutineScheduler$Worker::findAnyTask@10 (line 1033)
  0x000001e02954df78: 8466 37ff 

  0x000001e02954df7c: ;   {other}
  0x000001e02954df7c: 0f1f 8400 | 6c12 002d | baf6 ffff 

  0x000001e02954df88: ;   {runtime_call UncommonTrapBlob}
  0x000001e02954df88: ff66 90e8 

  0x000001e02954df8c: ; ImmutableOopMap {}
                      ;*getfield globalCpuQueue {reexecute=1 rethrow=0 return_oop=0}
                      ; - (reexecute) kotlinx.coroutines.scheduling.CoroutineScheduler$Worker::pollGlobalQueues@12 (line 1046)
                      ; - kotlinx.coroutines.scheduling.CoroutineScheduler$Worker::findAnyTask@97 (line 1039)
  0x000001e02954df8c: 7066 37ff 

  0x000001e02954df90: ;   {other}
  0x000001e02954df90: 0f1f 8400 | 8012 002e | baf6 ffff | ff41 8bea 

  0x000001e02954dfa0: ;   {runtime_call UncommonTrapBlob}
  0x000001e02954dfa0: 6666 90e8 

  0x000001e02954dfa4: ; ImmutableOopMap {}
                      ;*invokevirtual get {reexecute=0 rethrow=0 return_oop=0}
                      ; - kotlinx.coroutines.scheduling.CoroutineScheduler$Worker::trySteal@83 (line 1066)
                      ; - kotlinx.coroutines.scheduling.CoroutineScheduler$Worker::findAnyTask@116 (line 1041)
  0x000001e02954dfa4: 5866 37ff 

  0x000001e02954dfa8: ;   {other}
  0x000001e02954dfa8: 0f1f 8400 | 9812 002f | baf6 ffff 

  0x000001e02954dfb4: ;   {runtime_call UncommonTrapBlob}
  0x000001e02954dfb4: ff66 90e8 

  0x000001e02954dfb8: ; ImmutableOopMap {}
                      ;*invokevirtual length {reexecute=0 rethrow=0 return_oop=0}
                      ; - kotlinx.coroutines.internal.ResizableAtomicArray::get@7 (line 18)
                      ; - kotlinx.coroutines.scheduling.CoroutineScheduler$Worker::trySteal@83 (line 1066)
                      ; - kotlinx.coroutines.scheduling.CoroutineScheduler$Worker::findAnyTask@116 (line 1041)
  0x000001e02954dfb8: 4466 37ff 

  0x000001e02954dfbc: ;   {other}
  0x000001e02954dfbc: 0f1f 8400 | ac12 0030 | baf6 ffff 

  0x000001e02954dfc8: ;   {runtime_call UncommonTrapBlob}
  0x000001e02954dfc8: ff66 90e8 

  0x000001e02954dfcc: ; ImmutableOopMap {}
                      ;*arraylength {reexecute=0 rethrow=0 return_oop=0}
                      ; - java.util.concurrent.atomic.AtomicReferenceArray::length@4 (line 89)
                      ; - kotlinx.coroutines.internal.ResizableAtomicArray::get@7 (line 18)
                      ; - kotlinx.coroutines.scheduling.CoroutineScheduler$Worker::trySteal@83 (line 1066)
                      ; - kotlinx.coroutines.scheduling.CoroutineScheduler$Worker::findAnyTask@116 (line 1041)
  0x000001e02954dfcc: 3066 37ff 

  0x000001e02954dfd0: ;   {other}
  0x000001e02954dfd0: 0f1f 8400 | c012 0031 | baf6 ffff 

  0x000001e02954dfdc: ;   {runtime_call UncommonTrapBlob}
  0x000001e02954dfdc: ff66 90e8 

  0x000001e02954dfe0: ; ImmutableOopMap {}
                      ;*getfield globalCpuQueue {reexecute=1 rethrow=0 return_oop=0}
                      ; - (reexecute) kotlinx.coroutines.scheduling.CoroutineScheduler$Worker::pollGlobalQueues@74 (line 1050)
                      ; - kotlinx.coroutines.scheduling.CoroutineScheduler$Worker::findAnyTask@97 (line 1039)
  0x000001e02954dfe0: 1c66 37ff 

  0x000001e02954dfe4: ;   {other}
  0x000001e02954dfe4: 0f1f 8400 | d412 0032 | baf6 ffff 

  0x000001e02954dff0: ;   {runtime_call UncommonTrapBlob}
  0x000001e02954dff0: ff66 90e8 

  0x000001e02954dff4: ; ImmutableOopMap {}
                      ;*getfield element {reexecute=1 rethrow=0 return_oop=0}
                      ; - (reexecute) kotlinx.coroutines.scheduling.CoroutineScheduler$Worker::trySteal@130 (line 1070)
                      ; - kotlinx.coroutines.scheduling.CoroutineScheduler$Worker::findAnyTask@116 (line 1041)
  0x000001e02954dff4: 0866 37ff 

  0x000001e02954dff8: ;   {other}
  0x000001e02954dff8: 0f1f 8400 | e812 0033 | baf4 ffff | ff49 8beb 

  0x000001e02954e008: ;   {runtime_call UncommonTrapBlob}
  0x000001e02954e008: 6666 90e8 

  0x000001e02954e00c: ; ImmutableOopMap {rbp=Oop }
                      ;*checkcast {reexecute=0 rethrow=0 return_oop=0}
                      ; - kotlinx.coroutines.scheduling.CoroutineScheduler$Worker::trySteal@133 (line 1070)
                      ; - kotlinx.coroutines.scheduling.CoroutineScheduler$Worker::findAnyTask@116 (line 1041)
  0x000001e02954e00c: f065 37ff 

  0x000001e02954e010: ;   {other}
  0x000001e02954e010: 0f1f 8400 | 0013 0034 | baf6 ffff 

  0x000001e02954e01c: ;   {runtime_call UncommonTrapBlob}
  0x000001e02954e01c: ff66 90e8 

  0x000001e02954e020: ; ImmutableOopMap {}
                      ;*getfield globalBlockingQueue {reexecute=1 rethrow=0 return_oop=0}
                      ; - (reexecute) kotlinx.coroutines.scheduling.CoroutineScheduler$Worker::pollGlobalQueues@36 (line 1047)
                      ; - kotlinx.coroutines.scheduling.CoroutineScheduler$Worker::findAnyTask@97 (line 1039)
  0x000001e02954e020: dc65 37ff 

  0x000001e02954e024: ;   {other}
  0x000001e02954e024: 0f1f 8400 | 1413 0035 | 488b d0eb | 2448 8bd0 | eb1f eb1a | 488b d0eb | 1848 8bd0 | eb13 eb0e 
  0x000001e02954e044: 488b d0eb | 0ceb 0748 | 8bd0 eb05 | eb00 488b | d048 81c4 | 9000 0000 

  0x000001e02954e05c: ;   {runtime_call _rethrow_Java}
  0x000001e02954e05c: 5de9 9e81 | 44ff baf6 | ffff ff8b 

  0x000001e02954e068: ;   {runtime_call UncommonTrapBlob}
  0x000001e02954e068: e966 90e8 

  0x000001e02954e06c: ; ImmutableOopMap {}
                      ;*invokevirtual getAndSet {reexecute=0 rethrow=0 return_oop=0}
                      ; - kotlinx.coroutines.scheduling.WorkQueue::pollBuffer@47 (line 237)
                      ; - kotlinx.coroutines.scheduling.WorkQueue::trySteal@6 (line 122)
                      ; - kotlinx.coroutines.scheduling.CoroutineScheduler$Worker::trySteal@112 (line 1068)
                      ; - kotlinx.coroutines.scheduling.CoroutineScheduler$Worker::findAnyTask@116 (line 1041)
  0x000001e02954e06c: 9065 37ff 

  0x000001e02954e070: ;   {other}
  0x000001e02954e070: 0f1f 8400 | 6013 0036 | baf6 ffff 

  0x000001e02954e07c: ;   {runtime_call UncommonTrapBlob}
  0x000001e02954e07c: ff66 90e8 

  0x000001e02954e080: ; ImmutableOopMap {}
                      ;*arraylength {reexecute=0 rethrow=0 return_oop=0}
                      ; - java.lang.invoke.VarHandleReferences$Array::getAndSet@28 (line 734)
                      ; - java.lang.invoke.VarHandleGuards::guard_LIL_L@50 (line 743)
                      ; - java.util.concurrent.atomic.AtomicReferenceArray::getAndSet@9 (line 138)
                      ; - kotlinx.coroutines.scheduling.WorkQueue::pollBuffer@47 (line 237)
                      ; - kotlinx.coroutines.scheduling.WorkQueue::trySteal@6 (line 122)
                      ; - kotlinx.coroutines.scheduling.CoroutineScheduler$Worker::trySteal@112 (line 1068)
                      ; - kotlinx.coroutines.scheduling.CoroutineScheduler$Worker::findAnyTask@116 (line 1041)
  0x000001e02954e080: 7c65 37ff 

  0x000001e02954e084: ;   {other}
  0x000001e02954e084: 0f1f 8400 | 7413 0037 | baf6 ffff | ff41 8be8 

  0x000001e02954e094: ;   {runtime_call UncommonTrapBlob}
  0x000001e02954e094: 6666 90e8 

  0x000001e02954e098: ; ImmutableOopMap {}
                      ;*invokevirtual getAndSet {reexecute=0 rethrow=0 return_oop=0}
                      ; - kotlinx.coroutines.scheduling.WorkQueue::pollBuffer@47 (line 237)
                      ; - kotlinx.coroutines.scheduling.WorkQueue::poll@17 (line 73)
                      ; - kotlinx.coroutines.scheduling.CoroutineScheduler$Worker::findAnyTask@52 (line 1035)
  0x000001e02954e098: 6465 37ff 

  0x000001e02954e09c: ;   {other}
  0x000001e02954e09c: 0f1f 8400 | 8c13 0038 | baf6 ffff 

  0x000001e02954e0a8: ;   {runtime_call UncommonTrapBlob}
  0x000001e02954e0a8: ff66 90e8 

  0x000001e02954e0ac: ; ImmutableOopMap {}
                      ;*arraylength {reexecute=0 rethrow=0 return_oop=0}
                      ; - java.lang.invoke.VarHandleReferences$Array::getAndSet@28 (line 734)
                      ; - java.lang.invoke.VarHandleGuards::guard_LIL_L@50 (line 743)
                      ; - java.util.concurrent.atomic.AtomicReferenceArray::getAndSet@9 (line 138)
                      ; - kotlinx.coroutines.scheduling.WorkQueue::pollBuffer@47 (line 237)
                      ; - kotlinx.coroutines.scheduling.WorkQueue::poll@17 (line 73)
                      ; - kotlinx.coroutines.scheduling.CoroutineScheduler$Worker::findAnyTask@52 (line 1035)
  0x000001e02954e0ac: 5065 37ff 

  0x000001e02954e0b0: ;   {other}
  0x000001e02954e0b0: 0f1f 8400 | a013 0039 

  0x000001e02954e0b8: ;   {internal_word}
  0x000001e02954e0b8: 49ba c5d0 | 5429 e001 | 0000 4d89 | 9760 0400 

  0x000001e02954e0c8: ;   {runtime_call SafepointBlob}
  0x000001e02954e0c8: 00e9 3276 

  0x000001e02954e0cc: ;   {runtime_call StubRoutines (final stubs)}
  0x000001e02954e0cc: 37ff e88d | 6c35 ffe9 | 66ef ffff 
[Stub Code]
  0x000001e02954e0d8: ;   {no_reloc}
  0x000001e02954e0d8: 48bb 0000 | 0000 0000 

  0x000001e02954e0e0: ;   {runtime_call nmethod}
  0x000001e02954e0e0: 0000 e9fb 

  0x000001e02954e0e4: ;   {static_stub}
  0x000001e02954e0e4: ffff ff48 | bb00 0000 | 0000 0000 

  0x000001e02954e0f0: ;   {runtime_call nmethod}
  0x000001e02954e0f0: 00e9 fbff 

  0x000001e02954e0f4: ;   {static_stub}
  0x000001e02954e0f4: ffff 48bb | 0000 0000 | 0000 0000 

  0x000001e02954e100: ;   {runtime_call nmethod}
  0x000001e02954e100: e9fb ffff 

  0x000001e02954e104: ;   {static_stub}
  0x000001e02954e104: ff48 bb00 | 0000 0000 

  0x000001e02954e10c: ;   {runtime_call nmethod}
  0x000001e02954e10c: 0000 00e9 | fbff ffff 

  0x000001e02954e114: ;   {static_stub}
  0x000001e02954e114: 48bb 0000 | 0000 0000 

  0x000001e02954e11c: ;   {runtime_call nmethod}
  0x000001e02954e11c: 0000 e9fb 

  0x000001e02954e120: ;   {runtime_call ExceptionBlob}
  0x000001e02954e120: ffff ffe9 | 58e6 43ff 
[Deopt Handler Code]
  0x000001e02954e128: e800 0000 | 0048 832c 

  0x000001e02954e130: ;   {runtime_call DeoptimizationBlob}
  0x000001e02954e130: 2405 e969 | 6837 fff4 
[/MachCode]


---------------  P R O C E S S  ---------------

Threads class SMR info:
_java_thread_list=0x000001e0c13a54c0, length=171, elements={
0x000001e014b398d0, 0x000001e081084160, 0x000001e08108aa10, 0x000001e08108f490,
0x000001e081092800, 0x000001e081093260, 0x000001e081093cc0, 0x000001e08109c730,
0x000001e0810c35f0, 0x000001e0810c4090, 0x000001e0815a9850, 0x000001e0815a9ee0,
0x000001e0815a7e10, 0x000001e0815a8b30, 0x000001e0815a91c0, 0x000001e0aff54ba0,
0x000001e0aff53160, 0x000001e0aff537f0, 0x000001e0aff52ad0, 0x000001e0aff558c0,
0x000001e0aff54510, 0x000001e0aff53e80, 0x000001e0aff52440, 0x000001e0aff586b0,
0x000001e0aff58020, 0x000001e0aff55230, 0x000001e0b08bf2a0, 0x000001e0b08bbe20,
0x000001e0b08bdef0, 0x000001e0b08bec10, 0x000001e0b08bd860, 0x000001e0b08c0650,
0x000001e0b1364290, 0x000001e0b1363c00, 0x000001e0b1369150, 0x000001e0b1367710,
0x000001e0b1808d60, 0x000001e0b1807320, 0x000001e0b18079b0, 0x000001e0b1806600,
0x000001e0b1806c90, 0x000001e0b18086d0, 0x000001e0b18058e0, 0x000001e0b180b4c0,
0x000001e0b180a110, 0x000001e0b180ae30, 0x000001e0b180bb50, 0x000001e0b299d140,
0x000001e0b299d7d0, 0x000001e0b299eb80, 0x000001e0b29a3a40, 0x000001e1023dfb00,
0x000001e102bb3a80, 0x000001e11ea9fc30, 0x000001e11eaa7f70, 0x000001e11eaa5180,
0x000001e12b7b9330, 0x000001e12b7c02c0, 0x000001e12b7c2390, 0x000001e12b7c2a20,
0x000001e131523be0, 0x000001e131527d80, 0x000001e131529130, 0x000001e1315297c0,
0x000001e1315276f0, 0x000001e131526340, 0x000001e1315269d0, 0x000001e13152bf20,
0x000001e13152cc40, 0x000001e0de172040, 0x000001e0de16c460, 0x000001e0de17aa10,
0x000001e136a67c10, 0x000001e14514a1e0, 0x000001e14514a870, 0x000001e14514bc20,
0x000001e14514d660, 0x000001e14514fdc0, 0x000001e145151170, 0x000001e145150450,
0x000001e14514ea10, 0x000001e145150ae0, 0x000001e14515ea00, 0x000001e14515f090,
0x000001e14515bc10, 0x000001e14515f720, 0x000001e14baf5da0, 0x000001e14fe606a0,
0x000001e14fe61a50, 0x000001e14fe5ec60, 0x000001e0b40f1bd0, 0x000001e0b6c4e6e0,
0x000001e0b5844680, 0x000001e0b58432d0, 0x000001e0b5844d10, 0x000001e0b58460c0,
0x000001e0b58453a0, 0x000001e0b5ce6b50, 0x000001e0b6ec1750, 0x000001e0b6ecc4a0,
0x000001e0b6eccb30, 0x000001e0b6ecb780, 0x000001e0b6ecbe10, 0x000001e0b6eb4060,
0x000001e0b6eb67c0, 0x000001e0b6eb46f0, 0x000001e0b6eb6e50, 0x000001e0b6eb74e0,
0x000001e0b6eb4d80, 0x000001e0b6eb5aa0, 0x000001e0b6eb5410, 0x000001e0b6eb6130,
0x000001e0b5a25180, 0x000001e0b5a26bc0, 0x000001e0b5a25810, 0x000001e0b5a27250,
0x000001e0b5a24460, 0x000001e0b5647220, 0x000001e0b614f760, 0x000001e0b6ec3820,
0x000001e0b5ea6120, 0x000001e0b5ea5400, 0x000001e0b3e82860, 0x000001e0b3e81b40,
0x000001e0b6e6af50, 0x000001e0b6e6a230, 0x000001e0b6e68160, 0x000001e0b6e687f0,
0x000001e0b6e6a8c0, 0x000001e0b6e68e80, 0x000001e0b6ec3eb0, 0x000001e0b5b920a0,
0x000001e0b6e69510, 0x000001e0b5996a60, 0x000001e0b5a24af0, 0x000001e0b3e59300,
0x000001e0b9fe8da0, 0x000001e14ed4fea0, 0x000001e0b9b5e200, 0x000001e0b72f33a0,
0x000001e0b9b5fc40, 0x000001e0b9fe7360, 0x000001e14ed50bc0, 0x000001e14ed4e460,
0x000001e0b5646500, 0x000001e14ed4f810, 0x000001e0b9b5ce50, 0x000001e0b6ec3190,
0x000001e14c5befc0, 0x000001e0b98bf860, 0x000001e0b56457e0, 0x000001e0b6ec2470,
0x000001e0bddf4a30, 0x000001e0bdadb680, 0x000001e0b3e58c70, 0x000001e0b9b5f5b0,
0x000001e0b89e6ca0, 0x000001e0b884daa0, 0x000001e0b884e7c0, 0x000001e0c9f938f0,
0x000001e0c9f92bd0, 0x000001e0cc08c990, 0x000001e0cc08f780, 0x000001e0b8a09270,
0x000001e132e98ab0, 0x000001e0b40f3ca0, 0x000001e0bf725ea0, 0x000001e0b5c52a90,
0x000001e134cdc120, 0x000001e0cc08fe10, 0x000001e157866160
}

Java Threads: ( => current thread )
  0x000001e014b398d0 JavaThread "main"                              [_thread_blocked, id=1404, stack(0x000000150d100000,0x000000150d300000) (2048K)]
  0x000001e081084160 JavaThread "Common-Cleaner"             daemon [_thread_blocked, id=2440, stack(0x000000150da00000,0x000000150db00000) (1024K)]
  0x000001e08108aa10 JavaThread "Reference Handler"          daemon [_thread_blocked, id=4464, stack(0x000000150db00000,0x000000150dc00000) (1024K)]
  0x000001e08108f490 JavaThread "Finalizer"                  daemon [_thread_blocked, id=2448, stack(0x000000150dc00000,0x000000150dd00000) (1024K)]
  0x000001e081092800 JavaThread "Signal Dispatcher"          daemon [_thread_blocked, id=17724, stack(0x000000150dd00000,0x000000150de00000) (1024K)]
  0x000001e081093260 JavaThread "Attach Listener"            daemon [_thread_blocked, id=9256, stack(0x000000150de00000,0x000000150df00000) (1024K)]
  0x000001e081093cc0 JavaThread "Service Thread"             daemon [_thread_blocked, id=8848, stack(0x000000150df00000,0x000000150e000000) (1024K)]
  0x000001e08109c730 JavaThread "Monitor Deflation Thread"   daemon [_thread_blocked, id=17752, stack(0x000000150e000000,0x000000150e100000) (1024K)]
  0x000001e0810c35f0 JavaThread "C2 CompilerThread0"         daemon [_thread_blocked, id=9180, stack(0x000000150e100000,0x000000150e200000) (1024K)]
  0x000001e0810c4090 JavaThread "C1 CompilerThread0"         daemon [_thread_blocked, id=18476, stack(0x000000150e200000,0x000000150e300000) (1024K)]
  0x000001e0815a9850 JavaThread "Notification Thread"        daemon [_thread_blocked, id=3664, stack(0x000000150e900000,0x000000150ea00000) (1024K)]
  0x000001e0815a9ee0 JavaThread "DefaultDispatcher-worker-1" daemon [_thread_blocked, id=3624, stack(0x000000150ea00000,0x000000150eb00000) (1024K)]
  0x000001e0815a7e10 JavaThread "DefaultDispatcher-worker-2" daemon [_thread_blocked, id=9292, stack(0x000000150eb00000,0x000000150ec00000) (1024K)]
  0x000001e0815a8b30 JavaThread "DefaultDispatcher-worker-3" daemon [_thread_blocked, id=2228, stack(0x000000150ec00000,0x000000150ed00000) (1024K)]
  0x000001e0815a91c0 JavaThread "DefaultDispatcher-worker-4" daemon [_thread_blocked, id=6480, stack(0x000000150ed00000,0x000000150ee00000) (1024K)]
  0x000001e0aff54ba0 JavaThread "DefaultDispatcher-worker-5" daemon [_thread_blocked, id=6428, stack(0x000000150ee00000,0x000000150ef00000) (1024K)]
  0x000001e0aff53160 JavaThread "DefaultDispatcher-worker-6" daemon [_thread_blocked, id=10112, stack(0x000000150ef00000,0x000000150f000000) (1024K)]
  0x000001e0aff537f0 JavaThread "DefaultDispatcher-worker-7" daemon [_thread_blocked, id=14720, stack(0x000000150f000000,0x000000150f100000) (1024K)]
  0x000001e0aff52ad0 JavaThread "DefaultDispatcher-worker-8" daemon [_thread_blocked, id=19052, stack(0x000000150f100000,0x000000150f200000) (1024K)]
  0x000001e0aff558c0 JavaThread "DefaultDispatcher-worker-9" daemon [_thread_blocked, id=17400, stack(0x000000150f200000,0x000000150f300000) (1024K)]
  0x000001e0aff54510 JavaThread "DefaultDispatcher-worker-10" daemon [_thread_blocked, id=7152, stack(0x000000150f300000,0x000000150f400000) (1024K)]
  0x000001e0aff53e80 JavaThread "DefaultDispatcher-worker-11" daemon [_thread_blocked, id=3188, stack(0x000000150f400000,0x000000150f500000) (1024K)]
  0x000001e0aff52440 JavaThread "DefaultDispatcher-worker-12" daemon [_thread_blocked, id=3952, stack(0x000000150f500000,0x000000150f600000) (1024K)]
  0x000001e0aff586b0 JavaThread "DefaultDispatcher-worker-13" daemon [_thread_blocked, id=9952, stack(0x000000150f600000,0x000000150f700000) (1024K)]
  0x000001e0aff58020 JavaThread "DefaultDispatcher-worker-14" daemon [_thread_blocked, id=8220, stack(0x000000150f700000,0x000000150f800000) (1024K)]
  0x000001e0aff55230 JavaThread "DefaultDispatcher-worker-15" daemon [_thread_blocked, id=8908, stack(0x000000150f800000,0x000000150f900000) (1024K)]
  0x000001e0b08bf2a0 JavaThread "External Command Listener"  daemon [_thread_in_native, id=17868, stack(0x000000150fe00000,0x000000150ff00000) (1024K)]
  0x000001e0b08bbe20 JavaThread "Java2D Disposer"            daemon [_thread_blocked, id=18804, stack(0x000000150ff00000,0x0000001510000000) (1024K)]
  0x000001e0b08bdef0 JavaThread "AWT-Shutdown"                      [_thread_blocked, id=6420, stack(0x0000001510000000,0x0000001510100000) (1024K)]
  0x000001e0b08bec10 JavaThread "AWT-Windows"                daemon [_thread_blocked, id=11304, stack(0x0000001510100000,0x0000001510200000) (1024K)]
  0x000001e0b08bd860 JavaThread "kotlinx.coroutines.DefaultExecutor" daemon [_thread_blocked, id=5832, stack(0x0000001510200000,0x0000001510300000) (1024K)]
  0x000001e0b08c0650 JavaThread "AWT-EventQueue-0"                  [_thread_blocked, id=18484, stack(0x0000001510300000,0x0000001510400000) (1024K)]
  0x000001e0b1364290 JavaThread "EarlyStartServerWire/Sender" daemon [_thread_blocked, id=11224, stack(0x0000001510700000,0x0000001510800000) (1024K)]
  0x000001e0b1363c00 JavaThread "Kernel event loop thread sqjdrao3noq38fsic11q" daemon [_thread_blocked, id=3144, stack(0x0000001510800000,0x0000001510900000) (1024K)]
  0x000001e0b1369150 JavaThread "EarlyStartServerWire"       daemon [_thread_blocked, id=6680, stack(0x0000001510900000,0x0000001510a00000) (1024K)]
  0x000001e0b1367710 JavaThread "SerializersBackgroundRegistrar" daemon [_thread_blocked, id=5728, stack(0x0000001510a00000,0x0000001510b00000) (1024K)]
  0x000001e0b1808d60 JavaThread "DefaultDispatcher-worker-16" daemon [_thread_blocked, id=3220, stack(0x0000001510b00000,0x0000001510c00000) (1024K)]
  0x000001e0b1807320 JavaThread "DefaultDispatcher-worker-17" daemon [_thread_blocked, id=3012, stack(0x0000001510c00000,0x0000001510d00000) (1024K)]
  0x000001e0b18079b0 JavaThread "DefaultDispatcher-worker-18" daemon [_thread_blocked, id=3468, stack(0x0000001510d00000,0x0000001510e00000) (1024K)]
  0x000001e0b1806600 JavaThread "DefaultDispatcher-worker-19" daemon [_thread_blocked, id=8176, stack(0x0000001510e00000,0x0000001510f00000) (1024K)]
  0x000001e0b1806c90 JavaThread "DefaultDispatcher-worker-20" daemon [_thread_in_native, id=17552, stack(0x0000001510f00000,0x0000001511000000) (1024K)]
  0x000001e0b18086d0 JavaThread "DefaultDispatcher-worker-21" daemon [_thread_blocked, id=17780, stack(0x0000001511000000,0x0000001511100000) (1024K)]
  0x000001e0b18058e0 JavaThread "DefaultDispatcher-worker-22" daemon [_thread_blocked, id=13620, stack(0x0000001511100000,0x0000001511200000) (1024K)]
  0x000001e0b180b4c0 JavaThread "DefaultDispatcher-worker-23" daemon [_thread_blocked, id=17580, stack(0x0000001511200000,0x0000001511300000) (1024K)]
  0x000001e0b180a110 JavaThread "Rider.Backend.exe"                 [_thread_in_native, id=17052, stack(0x0000001511300000,0x0000001511400000) (1024K)]
  0x000001e0b180ae30 JavaThread "BaseDataReader: output stream of Rider.Backend.exe"        [_thread_in_native, id=18288, stack(0x0000001511400000,0x0000001511500000) (1024K)]
  0x000001e0b180bb50 JavaThread "BaseDataReader: error stream of Rider.Backend.exe"        [_thread_in_native, id=4184, stack(0x0000001511500000,0x0000001511600000) (1024K)]
  0x000001e0b299d140 JavaThread "DefaultDispatcher-worker-24" daemon [_thread_blocked, id=18992, stack(0x0000001511700000,0x0000001511800000) (1024K)]
  0x000001e0b299d7d0 JavaThread "DefaultDispatcher-worker-25" daemon [_thread_blocked, id=13988, stack(0x0000001511800000,0x0000001511900000) (1024K)]
  0x000001e0b299eb80 JavaThread "PeriodicMetricReader"       daemon [_thread_blocked, id=18312, stack(0x0000001511900000,0x0000001511a00000) (1024K)]
  0x000001e0b29a3a40 JavaThread "Coroutines Debugger Cleaner" daemon [_thread_blocked, id=2476, stack(0x0000001511a00000,0x0000001511b00000) (1024K)]
  0x000001e1023dfb00 JavaThread "Periodic tasks thread"      daemon [_thread_blocked, id=13900, stack(0x0000001511b00000,0x0000001511c00000) (1024K)]
  0x000001e102bb3a80 JavaThread "JNA Cleaner"                daemon [_thread_blocked, id=18496, stack(0x0000001511d00000,0x0000001511e00000) (1024K)]
  0x000001e11ea9fc30 JavaThread "Windows Shell integration"  daemon [_thread_blocked, id=6884, stack(0x0000001511f00000,0x0000001512000000) (1024K)]
  0x000001e11eaa7f70 JavaThread "pool-4-thread-1"                   [_thread_blocked, id=8840, stack(0x0000001512200000,0x0000001512300000) (1024K)]
  0x000001e11eaa5180 JavaThread "Netty Builtin Server 1"     daemon [_thread_in_native, id=6556, stack(0x0000001512300000,0x0000001512400000) (1024K)]
  0x000001e12b7b9330 JavaThread "BackgroundScheduler"        daemon [_thread_blocked, id=11520, stack(0x0000001512400000,0x0000001512500000) (1024K)]
  0x000001e12b7c02c0 JavaThread "fsnotifier.exe"                    [_thread_in_native, id=13928, stack(0x0000001512800000,0x0000001512900000) (1024K)]
  0x000001e12b7c2390 JavaThread "BaseDataReader: output stream of fsnotifier.exe"        [_thread_blocked, id=9480, stack(0x0000001512900000,0x0000001512a00000) (1024K)]
  0x000001e12b7c2a20 JavaThread "BaseDataReader: error stream of fsnotifier.exe"        [_thread_in_native, id=15540, stack(0x0000001512a00000,0x0000001512b00000) (1024K)]
  0x000001e131523be0 JavaThread "HttpClient-1-SelectorManager" daemon [_thread_in_native, id=18104, stack(0x0000001512b00000,0x0000001512c00000) (1024K)]
  0x000001e131527d80 JavaThread "DefaultDispatcher-worker-26" daemon [_thread_in_native, id=16760, stack(0x0000001512c00000,0x0000001512d00000) (1024K)]
  0x000001e131529130 JavaThread "DefaultDispatcher-worker-31" daemon [_thread_blocked, id=5696, stack(0x0000001512d00000,0x0000001512e00000) (1024K)]
  0x000001e1315297c0 JavaThread "DefaultDispatcher-worker-28" daemon [_thread_blocked, id=16332, stack(0x0000001512e00000,0x0000001512f00000) (1024K)]
  0x000001e1315276f0 JavaThread "DefaultDispatcher-worker-29" daemon [_thread_blocked, id=7380, stack(0x0000001512f00000,0x0000001513000000) (1024K)]
  0x000001e131526340 JavaThread "DefaultDispatcher-worker-30" daemon [_thread_blocked, id=19156, stack(0x0000001513000000,0x0000001513100000) (1024K)]
  0x000001e1315269d0 JavaThread "DefaultDispatcher-worker-27" daemon [_thread_blocked, id=16580, stack(0x0000001513100000,0x0000001513200000) (1024K)]
  0x000001e13152bf20 JavaThread "DefaultDispatcher-worker-32" daemon [_thread_blocked, id=18968, stack(0x0000001513200000,0x0000001513300000) (1024K)]
  0x000001e13152cc40 JavaThread "DefaultDispatcher-worker-33" daemon [_thread_blocked, id=19040, stack(0x0000001513300000,0x0000001513400000) (1024K)]
  0x000001e0de172040 JavaThread "TimerQueue"                 daemon [_thread_blocked, id=19332, stack(0x0000001513700000,0x0000001513800000) (1024K)]
  0x000001e0de16c460 JavaThread "Jndi-Dns-address-change-listener" daemon [_thread_in_native, id=13300, stack(0x0000001513900000,0x0000001513a00000) (1024K)]
  0x000001e0de17aa10 JavaThread "JobScheduler FJ pool 0/15"  daemon [_thread_blocked, id=2076, stack(0x0000001513a00000,0x0000001513b00000) (1024K)]
  0x000001e136a67c10 JavaThread "DefaultDispatcher-worker-34" daemon [_thread_blocked, id=10216, stack(0x0000001513e00000,0x0000001513f00000) (1024K)]
  0x000001e14514a1e0 JavaThread "process reaper (pid 15192)" daemon [_thread_in_native, id=13872, stack(0x000000150cb10000,0x000000150cb30000) (128K)]
  0x000001e14514a870 JavaThread "DefaultDispatcher-worker-35" daemon [_thread_blocked, id=6932, stack(0x0000001514000000,0x0000001514100000) (1024K)]
  0x000001e14514bc20 JavaThread "DefaultDispatcher-worker-36" daemon [_thread_blocked, id=18068, stack(0x0000001514100000,0x0000001514200000) (1024K)]
  0x000001e14514d660 JavaThread "DefaultDispatcher-worker-37" daemon [_thread_blocked, id=19268, stack(0x0000001514200000,0x0000001514300000) (1024K)]
  0x000001e14514fdc0 JavaThread "DefaultDispatcher-worker-38" daemon [_thread_blocked, id=17840, stack(0x0000001514300000,0x0000001514400000) (1024K)]
  0x000001e145151170 JavaThread "RenderDocClient::6228193442082729337/Sender" daemon [_thread_blocked, id=18744, stack(0x0000001514400000,0x0000001514500000) (1024K)]
  0x000001e145150450 JavaThread "RenderDocClient::6228193442082729337" daemon [_thread_blocked, id=14936, stack(0x0000001514500000,0x0000001514600000) (1024K)]
  0x000001e14514ea10 JavaThread "RenderDocPanel"             daemon [_thread_blocked, id=6744, stack(0x0000001514600000,0x0000001514700000) (1024K)]
  0x000001e145150ae0 JavaThread "pool-7-thread-1"                   [_thread_blocked, id=9956, stack(0x0000001514700000,0x0000001514800000) (1024K)]
  0x000001e14515ea00 JavaThread "JetBrains.DPA.Protocol.Backend_Server/Sender" daemon [_thread_blocked, id=5736, stack(0x0000001514800000,0x0000001514900000) (1024K)]
  0x000001e14515f090 JavaThread "JetBrains.DPA.Protocol.Backend_Server" daemon [_thread_blocked, id=3896, stack(0x0000001514900000,0x0000001514a00000) (1024K)]
  0x000001e14515bc10 JavaThread "JetBrains.DPA.Protocol.Backend_Render_Server/Sender" daemon [_thread_blocked, id=10932, stack(0x0000001514a00000,0x0000001514b00000) (1024K)]
  0x000001e14515f720 JavaThread "JetBrains.DPA.Protocol.Backend_Render_Server" daemon [_thread_blocked, id=19112, stack(0x0000001514b00000,0x0000001514c00000) (1024K)]
  0x000001e14baf5da0 JavaThread "WorkspaceModelUpdater"      daemon [_thread_blocked, id=19700, stack(0x0000001514d00000,0x0000001514e00000) (1024K)]
  0x000001e14fe606a0 JavaThread "Netty Station Server 1-1"   daemon [_thread_blocked, id=20276, stack(0x0000001514e00000,0x0000001514f00000) (1024K)]
  0x000001e14fe61a50 JavaThread "Netty Station Client 1-1"   daemon [_thread_blocked, id=20280, stack(0x0000001514f00000,0x0000001515000000) (1024K)]
  0x000001e14fe5ec60 JavaThread "Netty Station Client 1-2"   daemon [_thread_blocked, id=20284, stack(0x0000001515000000,0x0000001515100000) (1024K)]
  0x000001e0b40f1bd0 JavaThread "JVMResponsivenessMonitor"   daemon [_thread_blocked, id=20372, stack(0x0000001515d00000,0x0000001515e00000) (1024K)]
  0x000001e0b6c4e6e0 JavaThread "JobScheduler FJ pool 1/15"  daemon [_thread_blocked, id=21160, stack(0x0000001516600000,0x0000001516700000) (1024K)]
  0x000001e0b5844680 JavaThread "DefaultDispatcher-worker-39" daemon [_thread_blocked, id=21172, stack(0x0000001516700000,0x0000001516800000) (1024K)]
  0x000001e0b58432d0 JavaThread "DefaultDispatcher-worker-40" daemon [_thread_blocked, id=21176, stack(0x0000001516800000,0x0000001516900000) (1024K)]
  0x000001e0b5844d10 JavaThread "DefaultDispatcher-worker-41" daemon [_thread_blocked, id=21180, stack(0x0000001516900000,0x0000001516a00000) (1024K)]
  0x000001e0b58460c0 JavaThread "DefaultDispatcher-worker-42" daemon [_thread_blocked, id=21184, stack(0x0000001516a00000,0x0000001516b00000) (1024K)]
  0x000001e0b58453a0 JavaThread "DefaultDispatcher-worker-43" daemon [_thread_blocked, id=21188, stack(0x0000001516b00000,0x0000001516c00000) (1024K)]
  0x000001e0b5ce6b50 JavaThread "DefaultDispatcher-worker-44" daemon [_thread_blocked, id=21192, stack(0x0000001516c00000,0x0000001516d00000) (1024K)]
  0x000001e0b6ec1750 JavaThread "DefaultDispatcher-worker-45" daemon [_thread_blocked, id=21196, stack(0x0000001516d00000,0x0000001516e00000) (1024K)]
=>0x000001e0b6ecc4a0 JavaThread "DefaultDispatcher-worker-46" daemon [_thread_in_Java, id=21200, stack(0x0000001516e00000,0x0000001516f00000) (1024K)]
  0x000001e0b6eccb30 JavaThread "DefaultDispatcher-worker-47" daemon [_thread_blocked, id=21204, stack(0x0000001516f00000,0x0000001517000000) (1024K)]
  0x000001e0b6ecb780 JavaThread "DefaultDispatcher-worker-48" daemon [_thread_blocked, id=21208, stack(0x0000001517000000,0x0000001517100000) (1024K)]
  0x000001e0b6ecbe10 JavaThread "DefaultDispatcher-worker-49" daemon [_thread_blocked, id=21212, stack(0x0000001517100000,0x0000001517200000) (1024K)]
  0x000001e0b6eb4060 JavaThread "DefaultDispatcher-worker-50" daemon [_thread_blocked, id=21216, stack(0x0000001517200000,0x0000001517300000) (1024K)]
  0x000001e0b6eb67c0 JavaThread "DefaultDispatcher-worker-51" daemon [_thread_blocked, id=21220, stack(0x0000001517300000,0x0000001517400000) (1024K)]
  0x000001e0b6eb46f0 JavaThread "DefaultDispatcher-worker-52" daemon [_thread_blocked, id=21224, stack(0x0000001517400000,0x0000001517500000) (1024K)]
  0x000001e0b6eb6e50 JavaThread "DefaultDispatcher-worker-53" daemon [_thread_blocked, id=21228, stack(0x0000001517500000,0x0000001517600000) (1024K)]
  0x000001e0b6eb74e0 JavaThread "DefaultDispatcher-worker-54" daemon [_thread_blocked, id=21232, stack(0x0000001517600000,0x0000001517700000) (1024K)]
  0x000001e0b6eb4d80 JavaThread "DefaultDispatcher-worker-55" daemon [_thread_blocked, id=21236, stack(0x0000001517700000,0x0000001517800000) (1024K)]
  0x000001e0b6eb5aa0 JavaThread "DefaultDispatcher-worker-56" daemon [_thread_blocked, id=21240, stack(0x0000001517800000,0x0000001517900000) (1024K)]
  0x000001e0b6eb5410 JavaThread "DefaultDispatcher-worker-57" daemon [_thread_blocked, id=21244, stack(0x0000001517900000,0x0000001517a00000) (1024K)]
  0x000001e0b6eb6130 JavaThread "DefaultDispatcher-worker-58" daemon [_thread_blocked, id=21248, stack(0x0000001517a00000,0x0000001517b00000) (1024K)]
  0x000001e0b5a25180 JavaThread "DefaultDispatcher-worker-59" daemon [_thread_blocked, id=21252, stack(0x0000001517b00000,0x0000001517c00000) (1024K)]
  0x000001e0b5a26bc0 JavaThread "DefaultDispatcher-worker-60" daemon [_thread_blocked, id=21256, stack(0x0000001517c00000,0x0000001517d00000) (1024K)]
  0x000001e0b5a25810 JavaThread "DefaultDispatcher-worker-61" daemon [_thread_blocked, id=21260, stack(0x0000001517d00000,0x0000001517e00000) (1024K)]
  0x000001e0b5a27250 JavaThread "DefaultDispatcher-worker-62" daemon [_thread_blocked, id=21264, stack(0x0000001517e00000,0x0000001517f00000) (1024K)]
  0x000001e0b5a24460 JavaThread "DefaultDispatcher-worker-63" daemon [_thread_blocked, id=21268, stack(0x0000001517f00000,0x0000001518000000) (1024K)]
  0x000001e0b5647220 JavaThread "DefaultDispatcher-worker-64" daemon [_thread_blocked, id=21272, stack(0x0000001518000000,0x0000001518100000) (1024K)]
  0x000001e0b614f760 JavaThread "DefaultDispatcher-worker-65" daemon [_thread_blocked, id=21276, stack(0x0000001518100000,0x0000001518200000) (1024K)]
  0x000001e0b6ec3820 JavaThread "DefaultDispatcher-worker-66" daemon [_thread_blocked, id=21280, stack(0x0000001518200000,0x0000001518300000) (1024K)]
  0x000001e0b5ea6120 JavaThread "DefaultDispatcher-worker-67" daemon [_thread_blocked, id=21284, stack(0x0000001518300000,0x0000001518400000) (1024K)]
  0x000001e0b5ea5400 JavaThread "DefaultDispatcher-worker-68" daemon [_thread_blocked, id=21288, stack(0x0000001518400000,0x0000001518500000) (1024K)]
  0x000001e0b3e82860 JavaThread "DefaultDispatcher-worker-69" daemon [_thread_blocked, id=21292, stack(0x0000001518500000,0x0000001518600000) (1024K)]
  0x000001e0b3e81b40 JavaThread "DefaultDispatcher-worker-70" daemon [_thread_blocked, id=21296, stack(0x0000001518600000,0x0000001518700000) (1024K)]
  0x000001e0b6e6af50 JavaThread "DefaultDispatcher-worker-71" daemon [_thread_blocked, id=21300, stack(0x0000001518700000,0x0000001518800000) (1024K)]
  0x000001e0b6e6a230 JavaThread "DefaultDispatcher-worker-72" daemon [_thread_blocked, id=21304, stack(0x0000001518800000,0x0000001518900000) (1024K)]
  0x000001e0b6e68160 JavaThread "DefaultDispatcher-worker-73" daemon [_thread_blocked, id=21308, stack(0x0000001518900000,0x0000001518a00000) (1024K)]
  0x000001e0b6e687f0 JavaThread "DefaultDispatcher-worker-74" daemon [_thread_blocked, id=21312, stack(0x0000001518a00000,0x0000001518b00000) (1024K)]
  0x000001e0b6e6a8c0 JavaThread "DefaultDispatcher-worker-75" daemon [_thread_blocked, id=21316, stack(0x0000001518b00000,0x0000001518c00000) (1024K)]
  0x000001e0b6e68e80 JavaThread "DefaultDispatcher-worker-76" daemon [_thread_blocked, id=21320, stack(0x0000001518c00000,0x0000001518d00000) (1024K)]
  0x000001e0b6ec3eb0 JavaThread "DefaultDispatcher-worker-77" daemon [_thread_blocked, id=21324, stack(0x0000001518d00000,0x0000001518e00000) (1024K)]
  0x000001e0b5b920a0 JavaThread "DefaultDispatcher-worker-78" daemon [_thread_blocked, id=21328, stack(0x0000001518e00000,0x0000001518f00000) (1024K)]
  0x000001e0b6e69510 JavaThread "DefaultDispatcher-worker-79" daemon [_thread_blocked, id=21332, stack(0x0000001518f00000,0x0000001519000000) (1024K)]
  0x000001e0b5996a60 JavaThread "DefaultDispatcher-worker-80" daemon [_thread_blocked, id=21336, stack(0x0000001519000000,0x0000001519100000) (1024K)]
  0x000001e0b5a24af0 JavaThread "DefaultDispatcher-worker-81" daemon [_thread_blocked, id=21340, stack(0x0000001519100000,0x0000001519200000) (1024K)]
  0x000001e0b3e59300 JavaThread "DefaultDispatcher-worker-82" daemon [_thread_blocked, id=21344, stack(0x0000001519200000,0x0000001519300000) (1024K)]
  0x000001e0b9fe8da0 JavaThread "JobScheduler FJ pool 2/15"  daemon [_thread_blocked, id=20288, stack(0x0000001513b00000,0x0000001513c00000) (1024K)]
  0x000001e14ed4fea0 JavaThread "JobScheduler FJ pool 3/15"  daemon [_thread_blocked, id=20492, stack(0x0000001519300000,0x0000001519400000) (1024K)]
  0x000001e0b9b5e200 JavaThread "JobScheduler FJ pool 4/15"  daemon [_thread_blocked, id=20484, stack(0x0000001519400000,0x0000001519500000) (1024K)]
  0x000001e0b72f33a0 JavaThread "JobScheduler FJ pool 5/15"  daemon [_thread_blocked, id=20528, stack(0x0000001519500000,0x0000001519600000) (1024K)]
  0x000001e0b9b5fc40 JavaThread "JobScheduler FJ pool 6/15"  daemon [_thread_blocked, id=20524, stack(0x0000001519600000,0x0000001519700000) (1024K)]
  0x000001e0b9fe7360 JavaThread "JobScheduler FJ pool 7/15"  daemon [_thread_blocked, id=19292, stack(0x0000001519700000,0x0000001519800000) (1024K)]
  0x000001e14ed50bc0 JavaThread "JobScheduler FJ pool 8/15"  daemon [_thread_blocked, id=20636, stack(0x0000001519800000,0x0000001519900000) (1024K)]
  0x000001e14ed4e460 JavaThread "JobScheduler FJ pool 9/15"  daemon [_thread_blocked, id=20640, stack(0x0000001519900000,0x0000001519a00000) (1024K)]
  0x000001e0b5646500 JavaThread "JobScheduler FJ pool 10/15" daemon [_thread_blocked, id=20644, stack(0x0000001519a00000,0x0000001519b00000) (1024K)]
  0x000001e14ed4f810 JavaThread "JobScheduler FJ pool 11/15" daemon [_thread_blocked, id=20648, stack(0x0000001519b00000,0x0000001519c00000) (1024K)]
  0x000001e0b9b5ce50 JavaThread "JobScheduler FJ pool 12/15" daemon [_thread_blocked, id=9232, stack(0x0000001519c00000,0x0000001519d00000) (1024K)]
  0x000001e0b6ec3190 JavaThread "JobScheduler FJ pool 13/15" daemon [_thread_blocked, id=20436, stack(0x0000001519d00000,0x0000001519e00000) (1024K)]
  0x000001e14c5befc0 JavaThread "JobScheduler FJ pool 14/15" daemon [_thread_blocked, id=19888, stack(0x0000001519e00000,0x0000001519f00000) (1024K)]
  0x000001e0b98bf860 JavaThread "ProtocolInstanceWatcher"           [_thread_blocked, id=20948, stack(0x0000001513d00000,0x0000001513e00000) (1024K)]
  0x000001e0b56457e0 JavaThread "FileSystemWatchService"     daemon [_thread_in_native, id=20920, stack(0x0000001515b00000,0x0000001515c00000) (1024K)]
  0x000001e0b6ec2470 JavaThread "pool-8-thread-1"                   [_thread_blocked, id=19152, stack(0x000000151a100000,0x000000151a200000) (1024K)]
  0x000001e0bddf4a30 JavaThread "pool-9-thread-1"                   [_thread_blocked, id=17568, stack(0x000000151a200000,0x000000151a300000) (1024K)]
  0x000001e0bdadb680 JavaThread "rd throttler"               daemon [_thread_blocked, id=19484, stack(0x000000150cf00000,0x000000150d000000) (1024K)]
  0x000001e0b3e58c70 JavaThread "ApplicationImpl pooled thread 8"        [_thread_blocked, id=3292, stack(0x0000001511c00000,0x0000001511d00000) (1024K)]
  0x000001e0b9b5f5b0 JavaThread "ApplicationImpl pooled thread 10"        [_thread_blocked, id=9928, stack(0x0000001512700000,0x0000001512800000) (1024K)]
  0x000001e0b89e6ca0 JavaThread "full-line-inference.exe"           [_thread_in_native, id=3856, stack(0x0000001515100000,0x0000001515200000) (1024K)]
  0x000001e0b884daa0 JavaThread "BaseDataReader: error stream of full-line-inference.exe"        [_thread_in_native, id=18100, stack(0x0000001515200000,0x0000001515300000) (1024K)]
  0x000001e0b884e7c0 JavaThread "BaseDataReader: output stream of full-line-inference.exe"        [_thread_in_native, id=6820, stack(0x0000001515300000,0x0000001515400000) (1024K)]
  0x000001e0c9f938f0 JavaThread "IdIndex Writer #0"          daemon [_thread_blocked, id=18848, stack(0x0000001513600000,0x0000001513700000) (1024K)]
  0x000001e0c9f92bd0 JavaThread "Trigram.Index Writer #1"    daemon [_thread_blocked, id=18124, stack(0x0000001515400000,0x0000001515500000) (1024K)]
  0x000001e0cc08c990 JavaThread "Stubs Writer #2"                   [_thread_blocked, id=2148, stack(0x0000001515500000,0x0000001515600000) (1024K)]
  0x000001e0cc08f780 JavaThread "Aux Index Writer #1"               [_thread_blocked, id=14220, stack(0x0000001515600000,0x0000001515700000) (1024K)]
  0x000001e0b8a09270 JavaThread "HttpClient-7-SelectorManager" daemon [_thread_in_native, id=1420, stack(0x0000001515700000,0x0000001515800000) (1024K)]
  0x000001e132e98ab0 JavaThread "grpc-nio-worker-ELG-1-1"    daemon [_thread_in_native, id=14800, stack(0x000000150ce00000,0x000000150cf00000) (1024K)]
  0x000001e0b40f3ca0 JavaThread "grpc-nio-worker-ELG-1-2"    daemon [_thread_in_native, id=9436, stack(0x0000001515900000,0x0000001515a00000) (1024K)]
  0x000001e0bf725ea0 JavaThread "HttpClient-10-SelectorManager" daemon [_thread_in_native, id=20216, stack(0x0000001515c00000,0x0000001515d00000) (1024K)]
  0x000001e0b5c52a90 JavaThread "HttpClient-9-SelectorManager" daemon [_thread_in_native, id=19680, stack(0x0000001515e00000,0x0000001515f00000) (1024K)]
  0x000001e134cdc120 JavaThread "ApplicationImpl pooled thread 14"        [_thread_blocked, id=20584, stack(0x0000001513500000,0x0000001513600000) (1024K)]
  0x000001e0cc08fe10 JavaThread "ApplicationImpl pooled thread 15"        [_thread_blocked, id=1628, stack(0x0000001512500000,0x0000001512600000) (1024K)]
  0x000001e157866160 JavaThread "ApplicationImpl pooled thread 16"        [_thread_blocked, id=16200, stack(0x0000001512600000,0x0000001512700000) (1024K)]
Total: 171

Other Threads:
  0x000001e03e505bc0 VMThread "VM Thread"                           [id=17936, stack(0x000000150d900000,0x000000150da00000) (1024K)] _threads_hazard_ptr=0x000001e0c13a54c0
  0x000001e081080bb0 WatcherThread "VM Periodic Task Thread"        [id=8832, stack(0x000000150d800000,0x000000150d900000) (1024K)]
  0x000001e014b93a60 WorkerThread "GC Thread#0"                     [id=7796, stack(0x000000150d300000,0x000000150d400000) (1024K)]
  0x000001e08159f5a0 WorkerThread "GC Thread#1"                     [id=19220, stack(0x000000150e300000,0x000000150e400000) (1024K)]
  0x000001e081b790b0 WorkerThread "GC Thread#2"                     [id=4708, stack(0x000000150e400000,0x000000150e500000) (1024K)]
  0x000001e081970a40 WorkerThread "GC Thread#3"                     [id=11384, stack(0x000000150e500000,0x000000150e600000) (1024K)]
  0x000001e0816e8f80 WorkerThread "GC Thread#4"                     [id=19356, stack(0x000000150e600000,0x000000150e700000) (1024K)]
  0x000001e0816e9320 WorkerThread "GC Thread#5"                     [id=4076, stack(0x000000150e700000,0x000000150e800000) (1024K)]
  0x000001e0816e96c0 WorkerThread "GC Thread#6"                     [id=9544, stack(0x000000150e800000,0x000000150e900000) (1024K)]
  0x000001e0affe9570 WorkerThread "GC Thread#7"                     [id=3204, stack(0x000000150f900000,0x000000150fa00000) (1024K)]
  0x000001e0affea790 WorkerThread "GC Thread#8"                     [id=11564, stack(0x000000150fa00000,0x000000150fb00000) (1024K)]
  0x000001e0affeab30 WorkerThread "GC Thread#9"                     [id=17448, stack(0x000000150fb00000,0x000000150fc00000) (1024K)]
  0x000001e0affe9910 WorkerThread "GC Thread#10"                    [id=10716, stack(0x000000150fc00000,0x000000150fd00000) (1024K)]
  0x000001e0affeb270 WorkerThread "GC Thread#11"                    [id=408, stack(0x000000150fd00000,0x000000150fe00000) (1024K)]
  0x000001e0b0aa7850 WorkerThread "GC Thread#12"                    [id=19036, stack(0x0000001510400000,0x0000001510500000) (1024K)]
  0x000001e014ba91d0 ConcurrentGCThread "G1 Main Marker"            [id=16988, stack(0x000000150d400000,0x000000150d500000) (1024K)]
  0x000001e014ba9cd0 WorkerThread "G1 Conc#0"                       [id=5324, stack(0x000000150d500000,0x000000150d600000) (1024K)]
  0x000001e0b0aa7110 WorkerThread "G1 Conc#1"                       [id=11176, stack(0x0000001510500000,0x0000001510600000) (1024K)]
  0x000001e0b0aa8330 WorkerThread "G1 Conc#2"                       [id=19340, stack(0x0000001510600000,0x0000001510700000) (1024K)]
  0x000001e03e433a00 ConcurrentGCThread "G1 Refine#0"               [id=2564, stack(0x000000150d600000,0x000000150d700000) (1024K)]
  0x000001e03e435420 ConcurrentGCThread "G1 Service"                [id=11896, stack(0x000000150d700000,0x000000150d800000) (1024K)]
Total: 21

Threads with active compile tasks:
C2 CompilerThread0  907182 92312       4       com.intellij.openapi.editor.impl.IntervalTreeImpl::processOverlappingWithOutside (177 bytes)
C1 CompilerThread0  907182 92319       3       com.jetbrains.rdclient.daemon.highlighters.indentGuides.FrontendIndentGuideRendererKt::c (28 bytes)
Total: 2

VM state: synchronizing (normal execution)

VM Mutex/Monitor currently owned by a thread:  ([mutex/lock_event])
[0x00007ffa4b391ac8] Threads_lock - owner thread: 0x000001e03e505bc0

Heap address: 0x0000000080000000, size: 2048 MB, Compressed Oops mode: 32-bit

CDS archive(s) mapped at: [0x000001e03f000000-0x000001e040bf0000-0x000001e040bf0000), size 29294592, SharedBaseAddress: 0x000001e03f000000, ArchiveRelocationMode: 1.
Compressed class space mapped at: 0x000001e041000000-0x000001e081000000, reserved size: 1073741824
Narrow klass base: 0x000001e03f000000, Narrow klass shift: 0, Narrow klass range: 0x100000000

GC Precious Log:
 CardTable entry size: 512
 Card Set container configuration: InlinePtr #cards 5 size 8 Array Of Cards #cards 12 size 40 Howl #buckets 4 coarsen threshold 1843 Howl Bitmap #cards 512 size 80 coarsen threshold 460 Card regions per heap region 1 cards per card region 2048
 CPUs: 16 total, 16 available
 Memory: 15791M
 Large Page Support: Disabled
 NUMA Support: Disabled
 Compressed Oops: Enabled (32-bit)
 Heap Region Size: 1M
 Heap Min Capacity: 256M
 Heap Initial Capacity: 256M
 Heap Max Capacity: 2G
 Pre-touch: Disabled
 Parallel Workers: 13
 Concurrent Workers: 3
 Concurrent Refinement Workers: 13
 Periodic GC: Disabled

Heap:
 garbage-first heap   total 623616K, used 477304K [0x0000000080000000, 0x0000000100000000)
  region size 1024K, 138 young (141312K), 11 survivors (11264K)
 Metaspace       used 434907K, committed 440704K, reserved 1441792K
  class space    used 54165K, committed 56832K, reserved 1048576K

Heap Regions: E=young(eden), S=young(survivor), O=old, HS=humongous(starts), HC=humongous(continues), CS=collection set, F=free, TAMS=top-at-mark-start, PB=parsable bottom
|   0|0x0000000080000000, 0x0000000080100000, 0x0000000080100000|100%|HS|  |TAMS 0x0000000080000000| PB 0x0000000080000000| Complete 
|   1|0x0000000080100000, 0x0000000080200000, 0x0000000080200000|100%|HS|  |TAMS 0x0000000080100000| PB 0x0000000080100000| Complete 
|   2|0x0000000080200000, 0x00000000802fffb0, 0x0000000080300000| 99%| O|  |TAMS 0x0000000080200000| PB 0x0000000080200000| Untracked 
|   3|0x0000000080300000, 0x0000000080400000, 0x0000000080400000|100%|HS|  |TAMS 0x0000000080300000| PB 0x0000000080300000| Complete 
|   4|0x0000000080400000, 0x0000000080500000, 0x0000000080500000|100%|HC|  |TAMS 0x0000000080400000| PB 0x0000000080400000| Complete 
|   5|0x0000000080500000, 0x0000000080600000, 0x0000000080600000|100%|HS|  |TAMS 0x0000000080500000| PB 0x0000000080500000| Complete 
|   6|0x0000000080600000, 0x0000000080700000, 0x0000000080700000|100%|HC|  |TAMS 0x0000000080600000| PB 0x0000000080600000| Complete 
|   7|0x0000000080700000, 0x0000000080800000, 0x0000000080800000|100%|HS|  |TAMS 0x0000000080700000| PB 0x0000000080700000| Complete 
|   8|0x0000000080800000, 0x0000000080900000, 0x0000000080900000|100%|HS|  |TAMS 0x0000000080800000| PB 0x0000000080800000| Complete 
|   9|0x0000000080900000, 0x00000000809ffff0, 0x0000000080a00000| 99%| O|  |TAMS 0x0000000080900000| PB 0x0000000080900000| Untracked 
|  10|0x0000000080a00000, 0x0000000080b00000, 0x0000000080b00000|100%| O|  |TAMS 0x0000000080a00000| PB 0x0000000080a00000| Untracked 
|  11|0x0000000080b00000, 0x0000000080c00000, 0x0000000080c00000|100%| O|  |TAMS 0x0000000080b00000| PB 0x0000000080b00000| Untracked 
|  12|0x0000000080c00000, 0x0000000080d00000, 0x0000000080d00000|100%| O|  |TAMS 0x0000000080c00000| PB 0x0000000080c00000| Untracked 
|  13|0x0000000080d00000, 0x0000000080dff860, 0x0000000080e00000| 99%| O|  |TAMS 0x0000000080d00000| PB 0x0000000080d00000| Untracked 
|  14|0x0000000080e00000, 0x0000000080efffe8, 0x0000000080f00000| 99%| O|  |TAMS 0x0000000080e00000| PB 0x0000000080e00000| Untracked 
|  15|0x0000000080f00000, 0x0000000080fffdc0, 0x0000000081000000| 99%| O|  |TAMS 0x0000000080f00000| PB 0x0000000080f00000| Untracked 
|  16|0x0000000081000000, 0x00000000810ffd80, 0x0000000081100000| 99%| O|  |TAMS 0x0000000081000000| PB 0x0000000081000000| Untracked 
|  17|0x0000000081100000, 0x0000000081200000, 0x0000000081200000|100%| O|  |TAMS 0x0000000081100000| PB 0x0000000081100000| Untracked 
|  18|0x0000000081200000, 0x0000000081300000, 0x0000000081300000|100%|HS|  |TAMS 0x0000000081200000| PB 0x0000000081200000| Complete 
|  19|0x0000000081300000, 0x0000000081400000, 0x0000000081400000|100%| O|  |TAMS 0x0000000081300000| PB 0x0000000081300000| Untracked 
|  20|0x0000000081400000, 0x0000000081500000, 0x0000000081500000|100%| O|  |TAMS 0x0000000081400000| PB 0x0000000081400000| Untracked 
|  21|0x0000000081500000, 0x00000000815ffff8, 0x0000000081600000| 99%| O|  |TAMS 0x0000000081500000| PB 0x0000000081500000| Untracked 
|  22|0x0000000081600000, 0x00000000816fe9e0, 0x0000000081700000| 99%| O|  |TAMS 0x0000000081600000| PB 0x0000000081600000| Untracked 
|  23|0x0000000081700000, 0x0000000081800000, 0x0000000081800000|100%| O|  |TAMS 0x0000000081700000| PB 0x0000000081700000| Untracked 
|  24|0x0000000081800000, 0x00000000818ffff0, 0x0000000081900000| 99%| O|  |TAMS 0x0000000081800000| PB 0x0000000081800000| Untracked 
|  25|0x0000000081900000, 0x00000000819feca0, 0x0000000081a00000| 99%| O|  |TAMS 0x0000000081900000| PB 0x0000000081900000| Untracked 
|  26|0x0000000081a00000, 0x0000000081afff28, 0x0000000081b00000| 99%| O|  |TAMS 0x0000000081a00000| PB 0x0000000081a00000| Untracked 
|  27|0x0000000081b00000, 0x0000000081c00000, 0x0000000081c00000|100%| O|  |TAMS 0x0000000081b00000| PB 0x0000000081b00000| Untracked 
|  28|0x0000000081c00000, 0x0000000081cfc290, 0x0000000081d00000| 98%| O|  |TAMS 0x0000000081c00000| PB 0x0000000081c00000| Untracked 
|  29|0x0000000081d00000, 0x0000000081e00000, 0x0000000081e00000|100%| O|  |TAMS 0x0000000081d00000| PB 0x0000000081d00000| Untracked 
|  30|0x0000000081e00000, 0x0000000081f00000, 0x0000000081f00000|100%| O|  |TAMS 0x0000000081e00000| PB 0x0000000081e00000| Untracked 
|  31|0x0000000081f00000, 0x0000000082000000, 0x0000000082000000|100%| O|  |TAMS 0x0000000081f00000| PB 0x0000000081f00000| Untracked 
|  32|0x0000000082000000, 0x0000000082100000, 0x0000000082100000|100%| O|  |TAMS 0x0000000082000000| PB 0x0000000082000000| Untracked 
|  33|0x0000000082100000, 0x00000000821ffff0, 0x0000000082200000| 99%| O|  |TAMS 0x0000000082100000| PB 0x0000000082100000| Untracked 
|  34|0x0000000082200000, 0x0000000082300000, 0x0000000082300000|100%| O|  |TAMS 0x0000000082200000| PB 0x0000000082200000| Untracked 
|  35|0x0000000082300000, 0x0000000082400000, 0x0000000082400000|100%| O|  |TAMS 0x0000000082300000| PB 0x0000000082300000| Untracked 
|  36|0x0000000082400000, 0x00000000824ffff8, 0x0000000082500000| 99%| O|  |TAMS 0x0000000082400000| PB 0x0000000082400000| Untracked 
|  37|0x0000000082500000, 0x00000000825fffe8, 0x0000000082600000| 99%| O|  |TAMS 0x0000000082500000| PB 0x0000000082500000| Untracked 
|  38|0x0000000082600000, 0x00000000826fffc8, 0x0000000082700000| 99%| O|  |TAMS 0x0000000082600000| PB 0x0000000082600000| Untracked 
|  39|0x0000000082700000, 0x00000000827ffff8, 0x0000000082800000| 99%| O|  |TAMS 0x0000000082700000| PB 0x0000000082700000| Untracked 
|  40|0x0000000082800000, 0x0000000082900000, 0x0000000082900000|100%| O|  |TAMS 0x0000000082800000| PB 0x0000000082800000| Untracked 
|  41|0x0000000082900000, 0x00000000829fffe0, 0x0000000082a00000| 99%| O|  |TAMS 0x0000000082900000| PB 0x0000000082900000| Untracked 
|  42|0x0000000082a00000, 0x0000000082afffe0, 0x0000000082b00000| 99%| O|  |TAMS 0x0000000082a00000| PB 0x0000000082a00000| Untracked 
|  43|0x0000000082b00000, 0x0000000082bffff0, 0x0000000082c00000| 99%| O|  |TAMS 0x0000000082b00000| PB 0x0000000082b00000| Untracked 
|  44|0x0000000082c00000, 0x0000000082cffff8, 0x0000000082d00000| 99%| O|  |TAMS 0x0000000082c00000| PB 0x0000000082c00000| Untracked 
|  45|0x0000000082d00000, 0x0000000082dffff0, 0x0000000082e00000| 99%| O|  |TAMS 0x0000000082d00000| PB 0x0000000082d00000| Untracked 
|  46|0x0000000082e00000, 0x0000000082f00000, 0x0000000082f00000|100%| O|  |TAMS 0x0000000082e00000| PB 0x0000000082e00000| Untracked 
|  47|0x0000000082f00000, 0x0000000082fffff0, 0x0000000083000000| 99%| O|  |TAMS 0x0000000082f00000| PB 0x0000000082f00000| Untracked 
|  48|0x0000000083000000, 0x0000000083100000, 0x0000000083100000|100%|HS|  |TAMS 0x0000000083000000| PB 0x0000000083000000| Complete 
|  49|0x0000000083100000, 0x0000000083200000, 0x0000000083200000|100%|HC|  |TAMS 0x0000000083100000| PB 0x0000000083100000| Complete 
|  50|0x0000000083200000, 0x0000000083300000, 0x0000000083300000|100%|HC|  |TAMS 0x0000000083200000| PB 0x0000000083200000| Complete 
|  51|0x0000000083300000, 0x0000000083400000, 0x0000000083400000|100%|HS|  |TAMS 0x0000000083300000| PB 0x0000000083300000| Complete 
|  52|0x0000000083400000, 0x0000000083500000, 0x0000000083500000|100%|HS|  |TAMS 0x0000000083400000| PB 0x0000000083400000| Complete 
|  53|0x0000000083500000, 0x00000000835ffff8, 0x0000000083600000| 99%| O|  |TAMS 0x0000000083500000| PB 0x0000000083500000| Untracked 
|  54|0x0000000083600000, 0x00000000836fff70, 0x0000000083700000| 99%| O|  |TAMS 0x0000000083600000| PB 0x0000000083600000| Untracked 
|  55|0x0000000083700000, 0x0000000083800000, 0x0000000083800000|100%| O|  |TAMS 0x0000000083700000| PB 0x0000000083700000| Untracked 
|  56|0x0000000083800000, 0x0000000083900000, 0x0000000083900000|100%| O|  |TAMS 0x0000000083800000| PB 0x0000000083800000| Untracked 
|  57|0x0000000083900000, 0x0000000083a00000, 0x0000000083a00000|100%| O|  |TAMS 0x0000000083900000| PB 0x0000000083900000| Untracked 
|  58|0x0000000083a00000, 0x0000000083afffe8, 0x0000000083b00000| 99%| O|  |TAMS 0x0000000083a00000| PB 0x0000000083a00000| Untracked 
|  59|0x0000000083b00000, 0x0000000083c00000, 0x0000000083c00000|100%| O|  |TAMS 0x0000000083b00000| PB 0x0000000083b00000| Untracked 
|  60|0x0000000083c00000, 0x0000000083cffff0, 0x0000000083d00000| 99%| O|  |TAMS 0x0000000083c00000| PB 0x0000000083c00000| Untracked 
|  61|0x0000000083d00000, 0x0000000083dfffe8, 0x0000000083e00000| 99%| O|  |TAMS 0x0000000083d00000| PB 0x0000000083d00000| Untracked 
|  62|0x0000000083e00000, 0x0000000083effff0, 0x0000000083f00000| 99%| O|  |TAMS 0x0000000083e00000| PB 0x0000000083e00000| Untracked 
|  63|0x0000000083f00000, 0x0000000083ffc8d8, 0x0000000084000000| 98%| O|  |TAMS 0x0000000083f00000| PB 0x0000000083f00000| Untracked 
|  64|0x0000000084000000, 0x0000000084100000, 0x0000000084100000|100%| O|  |TAMS 0x0000000084000000| PB 0x0000000084000000| Untracked 
|  65|0x0000000084100000, 0x0000000084200000, 0x0000000084200000|100%| O|  |TAMS 0x0000000084100000| PB 0x0000000084100000| Untracked 
|  66|0x0000000084200000, 0x00000000842fffe0, 0x0000000084300000| 99%| O|  |TAMS 0x0000000084200000| PB 0x0000000084200000| Untracked 
|  67|0x0000000084300000, 0x00000000843ffe38, 0x0000000084400000| 99%| O|  |TAMS 0x0000000084300000| PB 0x0000000084300000| Untracked 
|  68|0x0000000084400000, 0x00000000844ffff8, 0x0000000084500000| 99%| O|  |TAMS 0x0000000084400000| PB 0x0000000084400000| Untracked 
|  69|0x0000000084500000, 0x00000000845fffc0, 0x0000000084600000| 99%| O|  |TAMS 0x0000000084500000| PB 0x0000000084500000| Untracked 
|  70|0x0000000084600000, 0x0000000084700000, 0x0000000084700000|100%| O|  |TAMS 0x0000000084600000| PB 0x0000000084600000| Untracked 
|  71|0x0000000084700000, 0x0000000084800000, 0x0000000084800000|100%| O|  |TAMS 0x0000000084700000| PB 0x0000000084700000| Untracked 
|  72|0x0000000084800000, 0x00000000848fffa0, 0x0000000084900000| 99%| O|  |TAMS 0x0000000084800000| PB 0x0000000084800000| Untracked 
|  73|0x0000000084900000, 0x00000000849ffff8, 0x0000000084a00000| 99%| O|  |TAMS 0x0000000084900000| PB 0x0000000084900000| Untracked 
|  74|0x0000000084a00000, 0x0000000084affff0, 0x0000000084b00000| 99%| O|  |TAMS 0x0000000084a00000| PB 0x0000000084a00000| Untracked 
|  75|0x0000000084b00000, 0x0000000084bffff8, 0x0000000084c00000| 99%| O|  |TAMS 0x0000000084b00000| PB 0x0000000084b00000| Untracked 
|  76|0x0000000084c00000, 0x0000000084cffff0, 0x0000000084d00000| 99%| O|  |TAMS 0x0000000084c00000| PB 0x0000000084c00000| Untracked 
|  77|0x0000000084d00000, 0x0000000084e00000, 0x0000000084e00000|100%| O|  |TAMS 0x0000000084d00000| PB 0x0000000084d00000| Untracked 
|  78|0x0000000084e00000, 0x0000000084effff0, 0x0000000084f00000| 99%| O|  |TAMS 0x0000000084e00000| PB 0x0000000084e00000| Untracked 
|  79|0x0000000084f00000, 0x0000000084ffffe8, 0x0000000085000000| 99%| O|  |TAMS 0x0000000084f00000| PB 0x0000000084f00000| Untracked 
|  80|0x0000000085000000, 0x00000000850fffd0, 0x0000000085100000| 99%| O|  |TAMS 0x0000000085000000| PB 0x0000000085000000| Untracked 
|  81|0x0000000085100000, 0x00000000851ffff8, 0x0000000085200000| 99%| O|  |TAMS 0x0000000085100000| PB 0x0000000085100000| Untracked 
|  82|0x0000000085200000, 0x00000000852ffff8, 0x0000000085300000| 99%| O|  |TAMS 0x0000000085200000| PB 0x0000000085200000| Untracked 
|  83|0x0000000085300000, 0x00000000853ffff0, 0x0000000085400000| 99%| O|  |TAMS 0x0000000085300000| PB 0x0000000085300000| Untracked 
|  84|0x0000000085400000, 0x00000000854fff30, 0x0000000085500000| 99%| O|  |TAMS 0x0000000085400000| PB 0x0000000085400000| Untracked 
|  85|0x0000000085500000, 0x00000000855ffff0, 0x0000000085600000| 99%| O|  |TAMS 0x0000000085500000| PB 0x0000000085500000| Untracked 
|  86|0x0000000085600000, 0x00000000856fffe8, 0x0000000085700000| 99%| O|  |TAMS 0x0000000085600000| PB 0x0000000085600000| Untracked 
|  87|0x0000000085700000, 0x00000000857ffff8, 0x0000000085800000| 99%| O|  |TAMS 0x0000000085700000| PB 0x0000000085700000| Untracked 
|  88|0x0000000085800000, 0x00000000858fffc0, 0x0000000085900000| 99%| O|  |TAMS 0x0000000085800000| PB 0x0000000085800000| Untracked 
|  89|0x0000000085900000, 0x00000000859ffff0, 0x0000000085a00000| 99%| O|  |TAMS 0x0000000085900000| PB 0x0000000085900000| Untracked 
|  90|0x0000000085a00000, 0x0000000085affff8, 0x0000000085b00000| 99%| O|  |TAMS 0x0000000085a00000| PB 0x0000000085a00000| Untracked 
|  91|0x0000000085b00000, 0x0000000085bffff0, 0x0000000085c00000| 99%| O|  |TAMS 0x0000000085b00000| PB 0x0000000085b00000| Untracked 
|  92|0x0000000085c00000, 0x0000000085d00000, 0x0000000085d00000|100%| O|  |TAMS 0x0000000085c00000| PB 0x0000000085c00000| Untracked 
|  93|0x0000000085d00000, 0x0000000085dfffc8, 0x0000000085e00000| 99%| O|  |TAMS 0x0000000085d00000| PB 0x0000000085d00000| Untracked 
|  94|0x0000000085e00000, 0x0000000085f00000, 0x0000000085f00000|100%| O|  |TAMS 0x0000000085e00000| PB 0x0000000085e00000| Untracked 
|  95|0x0000000085f00000, 0x0000000085fffff0, 0x0000000086000000| 99%| O|  |TAMS 0x0000000085f00000| PB 0x0000000085f00000| Untracked 
|  96|0x0000000086000000, 0x0000000086100000, 0x0000000086100000|100%| O|  |TAMS 0x0000000086000000| PB 0x0000000086000000| Untracked 
|  97|0x0000000086100000, 0x00000000861fffd0, 0x0000000086200000| 99%| O|  |TAMS 0x0000000086100000| PB 0x0000000086100000| Untracked 
|  98|0x0000000086200000, 0x0000000086300000, 0x0000000086300000|100%| O|  |TAMS 0x0000000086200000| PB 0x0000000086200000| Untracked 
|  99|0x0000000086300000, 0x00000000863ffff0, 0x0000000086400000| 99%| O|  |TAMS 0x0000000086300000| PB 0x0000000086300000| Untracked 
| 100|0x0000000086400000, 0x00000000864ffff8, 0x0000000086500000| 99%| O|  |TAMS 0x0000000086400000| PB 0x0000000086400000| Untracked 
| 101|0x0000000086500000, 0x00000000865ffff0, 0x0000000086600000| 99%| O|  |TAMS 0x0000000086500000| PB 0x0000000086500000| Untracked 
| 102|0x0000000086600000, 0x00000000866ffff8, 0x0000000086700000| 99%| O|  |TAMS 0x0000000086600000| PB 0x0000000086600000| Untracked 
| 103|0x0000000086700000, 0x00000000867fffe0, 0x0000000086800000| 99%| O|  |TAMS 0x0000000086700000| PB 0x0000000086700000| Untracked 
| 104|0x0000000086800000, 0x0000000086900000, 0x0000000086900000|100%| O|  |TAMS 0x0000000086800000| PB 0x0000000086800000| Untracked 
| 105|0x0000000086900000, 0x00000000869ffff0, 0x0000000086a00000| 99%| O|  |TAMS 0x0000000086900000| PB 0x0000000086900000| Untracked 
| 106|0x0000000086a00000, 0x0000000086afffe0, 0x0000000086b00000| 99%| O|  |TAMS 0x0000000086a00000| PB 0x0000000086a00000| Untracked 
| 107|0x0000000086b00000, 0x0000000086c00000, 0x0000000086c00000|100%| O|  |TAMS 0x0000000086b00000| PB 0x0000000086b00000| Untracked 
| 108|0x0000000086c00000, 0x0000000086cf6d68, 0x0000000086d00000| 96%| O|  |TAMS 0x0000000086c00000| PB 0x0000000086c00000| Untracked 
| 109|0x0000000086d00000, 0x0000000086dfffe8, 0x0000000086e00000| 99%| O|  |TAMS 0x0000000086d00000| PB 0x0000000086d00000| Untracked 
| 110|0x0000000086e00000, 0x0000000086effe28, 0x0000000086f00000| 99%| O|  |TAMS 0x0000000086e00000| PB 0x0000000086e00000| Untracked 
| 111|0x0000000086f00000, 0x0000000087000000, 0x0000000087000000|100%| O|  |TAMS 0x0000000086f00000| PB 0x0000000086f00000| Untracked 
| 112|0x0000000087000000, 0x00000000870ffff0, 0x0000000087100000| 99%| O|  |TAMS 0x0000000087000000| PB 0x0000000087000000| Untracked 
| 113|0x0000000087100000, 0x00000000871f6c40, 0x0000000087200000| 96%| O|  |TAMS 0x0000000087100000| PB 0x0000000087100000| Untracked 
| 114|0x0000000087200000, 0x00000000872fffe0, 0x0000000087300000| 99%| O|  |TAMS 0x0000000087200000| PB 0x0000000087200000| Untracked 
| 115|0x0000000087300000, 0x00000000873fffe8, 0x0000000087400000| 99%| O|  |TAMS 0x0000000087300000| PB 0x0000000087300000| Untracked 
| 116|0x0000000087400000, 0x00000000874ffff8, 0x0000000087500000| 99%| O|  |TAMS 0x0000000087400000| PB 0x0000000087400000| Untracked 
| 117|0x0000000087500000, 0x0000000087600000, 0x0000000087600000|100%|HS|  |TAMS 0x0000000087500000| PB 0x0000000087500000| Complete 
| 118|0x0000000087600000, 0x00000000876ffff8, 0x0000000087700000| 99%| O|  |TAMS 0x0000000087600000| PB 0x0000000087600000| Untracked 
| 119|0x0000000087700000, 0x00000000877ffff8, 0x0000000087800000| 99%| O|  |TAMS 0x0000000087700000| PB 0x0000000087700000| Untracked 
| 120|0x0000000087800000, 0x00000000878fffa8, 0x0000000087900000| 99%| O|  |TAMS 0x0000000087800000| PB 0x0000000087800000| Untracked 
| 121|0x0000000087900000, 0x00000000879ffff8, 0x0000000087a00000| 99%| O|  |TAMS 0x0000000087900000| PB 0x0000000087900000| Untracked 
| 122|0x0000000087a00000, 0x0000000087afffb8, 0x0000000087b00000| 99%| O|  |TAMS 0x0000000087a00000| PB 0x0000000087a00000| Untracked 
| 123|0x0000000087b00000, 0x0000000087c00000, 0x0000000087c00000|100%| O|  |TAMS 0x0000000087b00000| PB 0x0000000087b00000| Untracked 
| 124|0x0000000087c00000, 0x0000000087d00000, 0x0000000087d00000|100%| O|  |TAMS 0x0000000087c00000| PB 0x0000000087c00000| Untracked 
| 125|0x0000000087d00000, 0x0000000087dffff0, 0x0000000087e00000| 99%| O|  |TAMS 0x0000000087d00000| PB 0x0000000087d00000| Untracked 
| 126|0x0000000087e00000, 0x0000000087effff0, 0x0000000087f00000| 99%| O|  |TAMS 0x0000000087e00000| PB 0x0000000087e00000| Untracked 
| 127|0x0000000087f00000, 0x0000000087ffffd8, 0x0000000088000000| 99%| O|  |TAMS 0x0000000087f00000| PB 0x0000000087f00000| Untracked 
| 128|0x0000000088000000, 0x00000000880ffff0, 0x0000000088100000| 99%| O|  |TAMS 0x0000000088000000| PB 0x0000000088000000| Untracked 
| 129|0x0000000088100000, 0x00000000881ff178, 0x0000000088200000| 99%| O|  |TAMS 0x0000000088100000| PB 0x0000000088100000| Untracked 
| 130|0x0000000088200000, 0x00000000882f43a0, 0x0000000088300000| 95%| O|  |TAMS 0x0000000088200000| PB 0x0000000088200000| Untracked 
| 131|0x0000000088300000, 0x0000000088400000, 0x0000000088400000|100%| O|  |TAMS 0x0000000088300000| PB 0x0000000088300000| Untracked 
| 132|0x0000000088400000, 0x00000000884fd848, 0x0000000088500000| 99%| O|  |TAMS 0x0000000088400000| PB 0x0000000088400000| Untracked 
| 133|0x0000000088500000, 0x00000000885ffff0, 0x0000000088600000| 99%| O|  |TAMS 0x0000000088500000| PB 0x0000000088500000| Untracked 
| 134|0x0000000088600000, 0x00000000886fffe0, 0x0000000088700000| 99%| O|  |TAMS 0x0000000088600000| PB 0x0000000088600000| Untracked 
| 135|0x0000000088700000, 0x00000000887ffff0, 0x0000000088800000| 99%| O|  |TAMS 0x0000000088700000| PB 0x0000000088700000| Untracked 
| 136|0x0000000088800000, 0x0000000088900000, 0x0000000088900000|100%| O|  |TAMS 0x0000000088800000| PB 0x0000000088800000| Untracked 
| 137|0x0000000088900000, 0x00000000889ffff8, 0x0000000088a00000| 99%| O|  |TAMS 0x0000000088900000| PB 0x0000000088900000| Untracked 
| 138|0x0000000088a00000, 0x0000000088affff0, 0x0000000088b00000| 99%| O|  |TAMS 0x0000000088a00000| PB 0x0000000088a00000| Untracked 
| 139|0x0000000088b00000, 0x0000000088bfffd8, 0x0000000088c00000| 99%| O|  |TAMS 0x0000000088b00000| PB 0x0000000088b00000| Untracked 
| 140|0x0000000088c00000, 0x0000000088cffff0, 0x0000000088d00000| 99%| O|  |TAMS 0x0000000088c00000| PB 0x0000000088c00000| Untracked 
| 141|0x0000000088d00000, 0x0000000088e00000, 0x0000000088e00000|100%|HS|  |TAMS 0x0000000088d00000| PB 0x0000000088d00000| Complete 
| 142|0x0000000088e00000, 0x0000000088f00000, 0x0000000088f00000|100%|HC|  |TAMS 0x0000000088e00000| PB 0x0000000088e00000| Complete 
| 143|0x0000000088f00000, 0x0000000089000000, 0x0000000089000000|100%|HC|  |TAMS 0x0000000088f00000| PB 0x0000000088f00000| Complete 
| 144|0x0000000089000000, 0x0000000089100000, 0x0000000089100000|100%|HC|  |TAMS 0x0000000089000000| PB 0x0000000089000000| Complete 
| 145|0x0000000089100000, 0x0000000089200000, 0x0000000089200000|100%|HC|  |TAMS 0x0000000089100000| PB 0x0000000089100000| Complete 
| 146|0x0000000089200000, 0x0000000089300000, 0x0000000089300000|100%|HC|  |TAMS 0x0000000089200000| PB 0x0000000089200000| Complete 
| 147|0x0000000089300000, 0x0000000089400000, 0x0000000089400000|100%|HC|  |TAMS 0x0000000089300000| PB 0x0000000089300000| Complete 
| 148|0x0000000089400000, 0x0000000089500000, 0x0000000089500000|100%|HC|  |TAMS 0x0000000089400000| PB 0x0000000089400000| Complete 
| 149|0x0000000089500000, 0x00000000895ffef8, 0x0000000089600000| 99%| O|  |TAMS 0x0000000089500000| PB 0x0000000089500000| Untracked 
| 150|0x0000000089600000, 0x0000000089700000, 0x0000000089700000|100%| O|  |TAMS 0x0000000089600000| PB 0x0000000089600000| Untracked 
| 151|0x0000000089700000, 0x00000000897ffb48, 0x0000000089800000| 99%| O|  |TAMS 0x0000000089700000| PB 0x0000000089700000| Untracked 
| 152|0x0000000089800000, 0x00000000898fffc8, 0x0000000089900000| 99%| O|  |TAMS 0x0000000089800000| PB 0x0000000089800000| Untracked 
| 153|0x0000000089900000, 0x00000000899fffe8, 0x0000000089a00000| 99%| O|  |TAMS 0x0000000089900000| PB 0x0000000089900000| Untracked 
| 154|0x0000000089a00000, 0x0000000089b00000, 0x0000000089b00000|100%| O|  |TAMS 0x0000000089a00000| PB 0x0000000089a00000| Untracked 
| 155|0x0000000089b00000, 0x0000000089bffff8, 0x0000000089c00000| 99%| O|  |TAMS 0x0000000089b00000| PB 0x0000000089b00000| Untracked 
| 156|0x0000000089c00000, 0x0000000089cffff0, 0x0000000089d00000| 99%| O|  |TAMS 0x0000000089c00000| PB 0x0000000089c00000| Untracked 
| 157|0x0000000089d00000, 0x0000000089dffff0, 0x0000000089e00000| 99%| O|  |TAMS 0x0000000089d00000| PB 0x0000000089d00000| Untracked 
| 158|0x0000000089e00000, 0x0000000089f00000, 0x0000000089f00000|100%| O|  |TAMS 0x0000000089e00000| PB 0x0000000089e00000| Untracked 
| 159|0x0000000089f00000, 0x0000000089ffffb8, 0x000000008a000000| 99%| O|  |TAMS 0x0000000089f00000| PB 0x0000000089f00000| Untracked 
| 160|0x000000008a000000, 0x000000008a100000, 0x000000008a100000|100%| O|  |TAMS 0x000000008a000000| PB 0x000000008a000000| Untracked 
| 161|0x000000008a100000, 0x000000008a1fcb08, 0x000000008a200000| 98%| O|  |TAMS 0x000000008a100000| PB 0x000000008a100000| Untracked 
| 162|0x000000008a200000, 0x000000008a2faa98, 0x000000008a300000| 97%| O|  |TAMS 0x000000008a200000| PB 0x000000008a200000| Untracked 
| 163|0x000000008a300000, 0x000000008a3fffa0, 0x000000008a400000| 99%| O|  |TAMS 0x000000008a300000| PB 0x000000008a300000| Untracked 
| 164|0x000000008a400000, 0x000000008a4fffc0, 0x000000008a500000| 99%| O|  |TAMS 0x000000008a400000| PB 0x000000008a400000| Untracked 
| 165|0x000000008a500000, 0x000000008a5faef0, 0x000000008a600000| 98%| O|  |TAMS 0x000000008a500000| PB 0x000000008a500000| Untracked 
| 166|0x000000008a600000, 0x000000008a6fffb8, 0x000000008a700000| 99%| O|  |TAMS 0x000000008a600000| PB 0x000000008a600000| Untracked 
| 167|0x000000008a700000, 0x000000008a7ffff8, 0x000000008a800000| 99%| O|  |TAMS 0x000000008a700000| PB 0x000000008a700000| Untracked 
| 168|0x000000008a800000, 0x000000008a8ffff8, 0x000000008a900000| 99%| O|  |TAMS 0x000000008a800000| PB 0x000000008a800000| Untracked 
| 169|0x000000008a900000, 0x000000008a9ffff8, 0x000000008aa00000| 99%| O|  |TAMS 0x000000008a900000| PB 0x000000008a900000| Untracked 
| 170|0x000000008aa00000, 0x000000008aafa4a8, 0x000000008ab00000| 97%| O|  |TAMS 0x000000008aa00000| PB 0x000000008aa00000| Untracked 
| 171|0x000000008ab00000, 0x000000008abffff8, 0x000000008ac00000| 99%| O|  |TAMS 0x000000008ab00000| PB 0x000000008ab00000| Untracked 
| 172|0x000000008ac00000, 0x000000008acfffd0, 0x000000008ad00000| 99%| O|  |TAMS 0x000000008ac00000| PB 0x000000008ac00000| Untracked 
| 173|0x000000008ad00000, 0x000000008adffff0, 0x000000008ae00000| 99%| O|  |TAMS 0x000000008ad00000| PB 0x000000008ad00000| Untracked 
| 174|0x000000008ae00000, 0x000000008aefffe8, 0x000000008af00000| 99%| O|  |TAMS 0x000000008ae00000| PB 0x000000008ae00000| Untracked 
| 175|0x000000008af00000, 0x000000008b000000, 0x000000008b000000|100%| O|  |TAMS 0x000000008af00000| PB 0x000000008af00000| Untracked 
| 176|0x000000008b000000, 0x000000008b0ffff8, 0x000000008b100000| 99%| O|  |TAMS 0x000000008b000000| PB 0x000000008b000000| Untracked 
| 177|0x000000008b100000, 0x000000008b1fffe8, 0x000000008b200000| 99%| O|  |TAMS 0x000000008b100000| PB 0x000000008b100000| Untracked 
| 178|0x000000008b200000, 0x000000008b2ffff0, 0x000000008b300000| 99%| O|  |TAMS 0x000000008b200000| PB 0x000000008b200000| Untracked 
| 179|0x000000008b300000, 0x000000008b3ffff8, 0x000000008b400000| 99%| O|  |TAMS 0x000000008b300000| PB 0x000000008b300000| Untracked 
| 180|0x000000008b400000, 0x000000008b4fff78, 0x000000008b500000| 99%| O|  |TAMS 0x000000008b400000| PB 0x000000008b400000| Untracked 
| 181|0x000000008b500000, 0x000000008b5ffff8, 0x000000008b600000| 99%| O|  |TAMS 0x000000008b500000| PB 0x000000008b500000| Untracked 
| 182|0x000000008b600000, 0x000000008b6fffb0, 0x000000008b700000| 99%| O|  |TAMS 0x000000008b600000| PB 0x000000008b600000| Untracked 
| 183|0x000000008b700000, 0x000000008b7ffe60, 0x000000008b800000| 99%| O|  |TAMS 0x000000008b700000| PB 0x000000008b700000| Untracked 
| 184|0x000000008b800000, 0x000000008b8fffe8, 0x000000008b900000| 99%| O|  |TAMS 0x000000008b800000| PB 0x000000008b800000| Untracked 
| 185|0x000000008b900000, 0x000000008ba00000, 0x000000008ba00000|100%| O|  |TAMS 0x000000008b900000| PB 0x000000008b900000| Untracked 
| 186|0x000000008ba00000, 0x000000008bb00000, 0x000000008bb00000|100%| O|  |TAMS 0x000000008ba00000| PB 0x000000008ba00000| Untracked 
| 187|0x000000008bb00000, 0x000000008bbfffd8, 0x000000008bc00000| 99%| O|  |TAMS 0x000000008bb00000| PB 0x000000008bb00000| Untracked 
| 188|0x000000008bc00000, 0x000000008bd00000, 0x000000008bd00000|100%| O|  |TAMS 0x000000008bc00000| PB 0x000000008bc00000| Untracked 
| 189|0x000000008bd00000, 0x000000008be00000, 0x000000008be00000|100%| O|  |TAMS 0x000000008bd00000| PB 0x000000008bd00000| Untracked 
| 190|0x000000008be00000, 0x000000008beffff8, 0x000000008bf00000| 99%| O|  |TAMS 0x000000008be00000| PB 0x000000008be00000| Untracked 
| 191|0x000000008bf00000, 0x000000008c000000, 0x000000008c000000|100%| O|  |TAMS 0x000000008bf00000| PB 0x000000008bf00000| Untracked 
| 192|0x000000008c000000, 0x000000008c0ffff8, 0x000000008c100000| 99%| O|  |TAMS 0x000000008c000000| PB 0x000000008c000000| Untracked 
| 193|0x000000008c100000, 0x000000008c1fffd8, 0x000000008c200000| 99%| O|  |TAMS 0x000000008c100000| PB 0x000000008c100000| Untracked 
| 194|0x000000008c200000, 0x000000008c300000, 0x000000008c300000|100%| O|  |TAMS 0x000000008c200000| PB 0x000000008c200000| Untracked 
| 195|0x000000008c300000, 0x000000008c3fffa0, 0x000000008c400000| 99%| O|  |TAMS 0x000000008c300000| PB 0x000000008c300000| Untracked 
| 196|0x000000008c400000, 0x000000008c4ffff8, 0x000000008c500000| 99%| O|  |TAMS 0x000000008c400000| PB 0x000000008c400000| Untracked 
| 197|0x000000008c500000, 0x000000008c5fffe0, 0x000000008c600000| 99%| O|  |TAMS 0x000000008c500000| PB 0x000000008c500000| Untracked 
| 198|0x000000008c600000, 0x000000008c6ffff0, 0x000000008c700000| 99%| O|  |TAMS 0x000000008c600000| PB 0x000000008c600000| Untracked 
| 199|0x000000008c700000, 0x000000008c7ffff0, 0x000000008c800000| 99%| O|  |TAMS 0x000000008c700000| PB 0x000000008c700000| Untracked 
| 200|0x000000008c800000, 0x000000008c8fff40, 0x000000008c900000| 99%| O|  |TAMS 0x000000008c800000| PB 0x000000008c800000| Untracked 
| 201|0x000000008c900000, 0x000000008c9fffe8, 0x000000008ca00000| 99%| O|  |TAMS 0x000000008c900000| PB 0x000000008c900000| Untracked 
| 202|0x000000008ca00000, 0x000000008cb00000, 0x000000008cb00000|100%| O|  |TAMS 0x000000008ca00000| PB 0x000000008ca00000| Untracked 
| 203|0x000000008cb00000, 0x000000008cbff7c8, 0x000000008cc00000| 99%| O|  |TAMS 0x000000008cb00000| PB 0x000000008cb00000| Untracked 
| 204|0x000000008cc00000, 0x000000008cd00000, 0x000000008cd00000|100%| O|  |TAMS 0x000000008cc00000| PB 0x000000008cc00000| Untracked 
| 205|0x000000008cd00000, 0x000000008cdfffe8, 0x000000008ce00000| 99%| O|  |TAMS 0x000000008cd00000| PB 0x000000008cd00000| Untracked 
| 206|0x000000008ce00000, 0x000000008cefffe0, 0x000000008cf00000| 99%| O|  |TAMS 0x000000008ce00000| PB 0x000000008ce00000| Untracked 
| 207|0x000000008cf00000, 0x000000008cfffff0, 0x000000008d000000| 99%| O|  |TAMS 0x000000008cf00000| PB 0x000000008cf00000| Untracked 
| 208|0x000000008d000000, 0x000000008d0ffff8, 0x000000008d100000| 99%| O|  |TAMS 0x000000008d000000| PB 0x000000008d000000| Untracked 
| 209|0x000000008d100000, 0x000000008d1fffd0, 0x000000008d200000| 99%| O|  |TAMS 0x000000008d100000| PB 0x000000008d100000| Untracked 
| 210|0x000000008d200000, 0x000000008d300000, 0x000000008d300000|100%|HS|  |TAMS 0x000000008d200000| PB 0x000000008d200000| Complete 
| 211|0x000000008d300000, 0x000000008d400000, 0x000000008d400000|100%| O|  |TAMS 0x000000008d300000| PB 0x000000008d300000| Untracked 
| 212|0x000000008d400000, 0x000000008d4ffff8, 0x000000008d500000| 99%| O|  |TAMS 0x000000008d400000| PB 0x000000008d400000| Untracked 
| 213|0x000000008d500000, 0x000000008d600000, 0x000000008d600000|100%|HS|  |TAMS 0x000000008d500000| PB 0x000000008d500000| Complete 
| 214|0x000000008d600000, 0x000000008d700000, 0x000000008d700000|100%|HC|  |TAMS 0x000000008d600000| PB 0x000000008d600000| Complete 
| 215|0x000000008d700000, 0x000000008d800000, 0x000000008d800000|100%| O|  |TAMS 0x000000008d700000| PB 0x000000008d700000| Untracked 
| 216|0x000000008d800000, 0x000000008d8ffff8, 0x000000008d900000| 99%| O|  |TAMS 0x000000008d800000| PB 0x000000008d800000| Untracked 
| 217|0x000000008d900000, 0x000000008da00000, 0x000000008da00000|100%| O|  |TAMS 0x000000008d900000| PB 0x000000008d900000| Untracked 
| 218|0x000000008da00000, 0x000000008dafff00, 0x000000008db00000| 99%| O|  |TAMS 0x000000008da00000| PB 0x000000008da00000| Untracked 
| 219|0x000000008db00000, 0x000000008dbfffb8, 0x000000008dc00000| 99%| O|  |TAMS 0x000000008db00000| PB 0x000000008db00000| Untracked 
| 220|0x000000008dc00000, 0x000000008dcffff0, 0x000000008dd00000| 99%| O|  |TAMS 0x000000008dc00000| PB 0x000000008dc00000| Untracked 
| 221|0x000000008dd00000, 0x000000008ddfffb0, 0x000000008de00000| 99%| O|  |TAMS 0x000000008dd00000| PB 0x000000008dd00000| Untracked 
| 222|0x000000008de00000, 0x000000008defffc8, 0x000000008df00000| 99%| O|  |TAMS 0x000000008de00000| PB 0x000000008de00000| Untracked 
| 223|0x000000008df00000, 0x000000008e000000, 0x000000008e000000|100%| O|  |TAMS 0x000000008df00000| PB 0x000000008df00000| Untracked 
| 224|0x000000008e000000, 0x000000008e0fffe8, 0x000000008e100000| 99%| O|  |TAMS 0x000000008e000000| PB 0x000000008e000000| Untracked 
| 225|0x000000008e100000, 0x000000008e1ffff0, 0x000000008e200000| 99%| O|  |TAMS 0x000000008e100000| PB 0x000000008e100000| Untracked 
| 226|0x000000008e200000, 0x000000008e2ffe08, 0x000000008e300000| 99%| O|  |TAMS 0x000000008e200000| PB 0x000000008e200000| Untracked 
| 227|0x000000008e300000, 0x000000008e3ffff8, 0x000000008e400000| 99%| O|  |TAMS 0x000000008e300000| PB 0x000000008e300000| Untracked 
| 228|0x000000008e400000, 0x000000008e4ffff8, 0x000000008e500000| 99%| O|  |TAMS 0x000000008e400000| PB 0x000000008e400000| Untracked 
| 229|0x000000008e500000, 0x000000008e5fffd8, 0x000000008e600000| 99%| O|  |TAMS 0x000000008e500000| PB 0x000000008e500000| Untracked 
| 230|0x000000008e600000, 0x000000008e6ffff8, 0x000000008e700000| 99%| O|  |TAMS 0x000000008e600000| PB 0x000000008e600000| Untracked 
| 231|0x000000008e700000, 0x000000008e800000, 0x000000008e800000|100%| O|  |TAMS 0x000000008e700000| PB 0x000000008e700000| Untracked 
| 232|0x000000008e800000, 0x000000008e8fff60, 0x000000008e900000| 99%| O|  |TAMS 0x000000008e800000| PB 0x000000008e800000| Untracked 
| 233|0x000000008e900000, 0x000000008ea00000, 0x000000008ea00000|100%| O|  |TAMS 0x000000008e900000| PB 0x000000008e900000| Untracked 
| 234|0x000000008ea00000, 0x000000008eafff90, 0x000000008eb00000| 99%| O|  |TAMS 0x000000008ea00000| PB 0x000000008ea00000| Untracked 
| 235|0x000000008eb00000, 0x000000008ebfffb0, 0x000000008ec00000| 99%| O|  |TAMS 0x000000008eb00000| PB 0x000000008eb00000| Untracked 
| 236|0x000000008ec00000, 0x000000008ecfffb8, 0x000000008ed00000| 99%| O|  |TAMS 0x000000008ec00000| PB 0x000000008ec00000| Untracked 
| 237|0x000000008ed00000, 0x000000008ee00000, 0x000000008ee00000|100%| O|  |TAMS 0x000000008ed00000| PB 0x000000008ed00000| Untracked 
| 238|0x000000008ee00000, 0x000000008ef00000, 0x000000008ef00000|100%| O|  |TAMS 0x000000008ee00000| PB 0x000000008ee00000| Untracked 
| 239|0x000000008ef00000, 0x000000008efffff0, 0x000000008f000000| 99%| O|  |TAMS 0x000000008ef00000| PB 0x000000008ef00000| Untracked 
| 240|0x000000008f000000, 0x000000008f0fffe8, 0x000000008f100000| 99%| O|  |TAMS 0x000000008f000000| PB 0x000000008f000000| Untracked 
| 241|0x000000008f100000, 0x000000008f1ffff0, 0x000000008f200000| 99%| O|  |TAMS 0x000000008f100000| PB 0x000000008f100000| Untracked 
| 242|0x000000008f200000, 0x000000008f2ffff0, 0x000000008f300000| 99%| O|  |TAMS 0x000000008f200000| PB 0x000000008f200000| Untracked 
| 243|0x000000008f300000, 0x000000008f3ffff8, 0x000000008f400000| 99%| O|  |TAMS 0x000000008f300000| PB 0x000000008f300000| Untracked 
| 244|0x000000008f400000, 0x000000008f500000, 0x000000008f500000|100%| O|  |TAMS 0x000000008f400000| PB 0x000000008f400000| Untracked 
| 245|0x000000008f500000, 0x000000008f5ffff8, 0x000000008f600000| 99%| O|  |TAMS 0x000000008f500000| PB 0x000000008f500000| Untracked 
| 246|0x000000008f600000, 0x000000008f700000, 0x000000008f700000|100%| O|  |TAMS 0x000000008f600000| PB 0x000000008f600000| Untracked 
| 247|0x000000008f700000, 0x000000008f800000, 0x000000008f800000|100%| O|  |TAMS 0x000000008f700000| PB 0x000000008f700000| Untracked 
| 248|0x000000008f800000, 0x000000008f8fc608, 0x000000008f900000| 98%| O|  |TAMS 0x000000008f800000| PB 0x000000008f800000| Untracked 
| 249|0x000000008f900000, 0x000000008fa00000, 0x000000008fa00000|100%| O|  |TAMS 0x000000008f900000| PB 0x000000008f900000| Untracked 
| 250|0x000000008fa00000, 0x000000008fb00000, 0x000000008fb00000|100%| O|  |TAMS 0x000000008fa00000| PB 0x000000008fa00000| Untracked 
| 251|0x000000008fb00000, 0x000000008fbffff0, 0x000000008fc00000| 99%| O|  |TAMS 0x000000008fb00000| PB 0x000000008fb00000| Untracked 
| 252|0x000000008fc00000, 0x000000008fce48c0, 0x000000008fd00000| 89%| O|  |TAMS 0x000000008fc00000| PB 0x000000008fc00000| Untracked 
| 253|0x000000008fd00000, 0x000000008fe00000, 0x000000008fe00000|100%| O|  |TAMS 0x000000008fd00000| PB 0x000000008fd00000| Untracked 
| 254|0x000000008fe00000, 0x000000008ff00000, 0x000000008ff00000|100%| O|  |TAMS 0x000000008fe00000| PB 0x000000008fe00000| Untracked 
| 255|0x000000008ff00000, 0x000000008ffffff0, 0x0000000090000000| 99%| O|  |TAMS 0x000000008ff00000| PB 0x000000008ff00000| Untracked 
| 256|0x0000000090000000, 0x00000000900f5c00, 0x0000000090100000| 95%| O|  |TAMS 0x0000000090000000| PB 0x0000000090000000| Untracked 
| 257|0x0000000090100000, 0x0000000090200000, 0x0000000090200000|100%| O|  |TAMS 0x0000000090100000| PB 0x0000000090100000| Untracked 
| 258|0x0000000090200000, 0x00000000902fffd0, 0x0000000090300000| 99%| O|  |TAMS 0x0000000090200000| PB 0x0000000090200000| Untracked 
| 259|0x0000000090300000, 0x00000000903ff3e8, 0x0000000090400000| 99%| O|  |TAMS 0x0000000090300000| PB 0x0000000090300000| Untracked 
| 260|0x0000000090400000, 0x0000000090500000, 0x0000000090500000|100%| O|  |TAMS 0x0000000090400000| PB 0x0000000090400000| Untracked 
| 261|0x0000000090500000, 0x0000000090600000, 0x0000000090600000|100%| O|  |TAMS 0x0000000090500000| PB 0x0000000090500000| Untracked 
| 262|0x0000000090600000, 0x0000000090700000, 0x0000000090700000|100%| O|  |TAMS 0x0000000090600000| PB 0x0000000090600000| Untracked 
| 263|0x0000000090700000, 0x0000000090800000, 0x0000000090800000|100%|HS|  |TAMS 0x0000000090700000| PB 0x0000000090700000| Complete 
| 264|0x0000000090800000, 0x0000000090900000, 0x0000000090900000|100%|HC|  |TAMS 0x0000000090800000| PB 0x0000000090800000| Complete 
| 265|0x0000000090900000, 0x0000000090a00000, 0x0000000090a00000|100%|HC|  |TAMS 0x0000000090900000| PB 0x0000000090900000| Complete 
| 266|0x0000000090a00000, 0x0000000090b00000, 0x0000000090b00000|100%|HC|  |TAMS 0x0000000090a00000| PB 0x0000000090a00000| Complete 
| 267|0x0000000090b00000, 0x0000000090c00000, 0x0000000090c00000|100%|HC|  |TAMS 0x0000000090b00000| PB 0x0000000090b00000| Complete 
| 268|0x0000000090c00000, 0x0000000090d00000, 0x0000000090d00000|100%|HC|  |TAMS 0x0000000090c00000| PB 0x0000000090c00000| Complete 
| 269|0x0000000090d00000, 0x0000000090df8660, 0x0000000090e00000| 97%| O|  |TAMS 0x0000000090d00000| PB 0x0000000090d00000| Untracked 
| 270|0x0000000090e00000, 0x0000000090effff8, 0x0000000090f00000| 99%| O|  |TAMS 0x0000000090e00000| PB 0x0000000090e00000| Untracked 
| 271|0x0000000090f00000, 0x0000000090ffffb0, 0x0000000091000000| 99%| O|  |TAMS 0x0000000090f00000| PB 0x0000000090f00000| Untracked 
| 272|0x0000000091000000, 0x0000000091100000, 0x0000000091100000|100%|HS|  |TAMS 0x0000000091000000| PB 0x0000000091000000| Complete 
| 273|0x0000000091100000, 0x0000000091200000, 0x0000000091200000|100%|HC|  |TAMS 0x0000000091100000| PB 0x0000000091100000| Complete 
| 274|0x0000000091200000, 0x00000000912ec3c0, 0x0000000091300000| 92%| O|  |TAMS 0x0000000091200000| PB 0x0000000091200000| Untracked 
| 275|0x0000000091300000, 0x00000000913fffc8, 0x0000000091400000| 99%| O|  |TAMS 0x0000000091300000| PB 0x0000000091300000| Untracked 
| 276|0x0000000091400000, 0x00000000914ffff0, 0x0000000091500000| 99%| O|  |TAMS 0x0000000091400000| PB 0x0000000091400000| Untracked 
| 277|0x0000000091500000, 0x00000000915fffe8, 0x0000000091600000| 99%| O|  |TAMS 0x0000000091500000| PB 0x0000000091500000| Untracked 
| 278|0x0000000091600000, 0x00000000916ffff8, 0x0000000091700000| 99%| O|  |TAMS 0x0000000091600000| PB 0x0000000091600000| Untracked 
| 279|0x0000000091700000, 0x00000000917fffe8, 0x0000000091800000| 99%| O|  |TAMS 0x0000000091700000| PB 0x0000000091700000| Untracked 
| 280|0x0000000091800000, 0x0000000091900000, 0x0000000091900000|100%| O|  |TAMS 0x0000000091800000| PB 0x0000000091800000| Untracked 
| 281|0x0000000091900000, 0x0000000091a00000, 0x0000000091a00000|100%| O|  |TAMS 0x0000000091900000| PB 0x0000000091900000| Untracked 
| 282|0x0000000091a00000, 0x0000000091b00000, 0x0000000091b00000|100%| O|  |TAMS 0x0000000091a00000| PB 0x0000000091a00000| Untracked 
| 283|0x0000000091b00000, 0x0000000091b00000, 0x0000000091c00000|  0%| F|  |TAMS 0x0000000091b00000| PB 0x0000000091b00000| Untracked 
| 284|0x0000000091c00000, 0x0000000091ccaed0, 0x0000000091d00000| 79%| O|  |TAMS 0x0000000091c00000| PB 0x0000000091c00000| Untracked 
| 285|0x0000000091d00000, 0x0000000091e00000, 0x0000000091e00000|100%| O|  |TAMS 0x0000000091d00000| PB 0x0000000091d00000| Untracked 
| 286|0x0000000091e00000, 0x0000000091f00000, 0x0000000091f00000|100%| O|  |TAMS 0x0000000091e00000| PB 0x0000000091e00000| Untracked 
| 287|0x0000000091f00000, 0x0000000092000000, 0x0000000092000000|100%| O|  |TAMS 0x0000000091f00000| PB 0x0000000091f00000| Untracked 
| 288|0x0000000092000000, 0x0000000092100000, 0x0000000092100000|100%| O|  |TAMS 0x0000000092000000| PB 0x0000000092000000| Untracked 
| 289|0x0000000092100000, 0x0000000092100000, 0x0000000092200000|  0%| F|  |TAMS 0x0000000092100000| PB 0x0000000092100000| Untracked 
| 290|0x0000000092200000, 0x0000000092300000, 0x0000000092300000|100%| O|  |TAMS 0x0000000092200000| PB 0x0000000092200000| Untracked 
| 291|0x0000000092300000, 0x0000000092400000, 0x0000000092400000|100%| O|  |TAMS 0x0000000092300000| PB 0x0000000092300000| Untracked 
| 292|0x0000000092400000, 0x00000000924f7c08, 0x0000000092500000| 96%| O|  |TAMS 0x0000000092400000| PB 0x0000000092400000| Untracked 
| 293|0x0000000092500000, 0x0000000092600000, 0x0000000092600000|100%| O|  |TAMS 0x0000000092500000| PB 0x0000000092500000| Untracked 
| 294|0x0000000092600000, 0x0000000092700000, 0x0000000092700000|100%| O|  |TAMS 0x0000000092600000| PB 0x0000000092600000| Untracked 
| 295|0x0000000092700000, 0x0000000092700000, 0x0000000092800000|  0%| F|  |TAMS 0x0000000092700000| PB 0x0000000092700000| Untracked 
| 296|0x0000000092800000, 0x0000000092800000, 0x0000000092900000|  0%| F|  |TAMS 0x0000000092800000| PB 0x0000000092800000| Untracked 
| 297|0x0000000092900000, 0x0000000092900000, 0x0000000092a00000|  0%| F|  |TAMS 0x0000000092900000| PB 0x0000000092900000| Untracked 
| 298|0x0000000092a00000, 0x0000000092a00000, 0x0000000092b00000|  0%| F|  |TAMS 0x0000000092a00000| PB 0x0000000092a00000| Untracked 
| 299|0x0000000092b00000, 0x0000000092b00000, 0x0000000092c00000|  0%| F|  |TAMS 0x0000000092b00000| PB 0x0000000092b00000| Untracked 
| 300|0x0000000092c00000, 0x0000000092c00000, 0x0000000092d00000|  0%| F|  |TAMS 0x0000000092c00000| PB 0x0000000092c00000| Untracked 
| 301|0x0000000092d00000, 0x0000000092e00000, 0x0000000092e00000|100%| O|  |TAMS 0x0000000092d00000| PB 0x0000000092d00000| Untracked 
| 302|0x0000000092e00000, 0x0000000092f00000, 0x0000000092f00000|100%| O|  |TAMS 0x0000000092e00000| PB 0x0000000092e00000| Untracked 
| 303|0x0000000092f00000, 0x0000000093000000, 0x0000000093000000|100%| O|  |TAMS 0x0000000092f00000| PB 0x0000000092f00000| Untracked 
| 304|0x0000000093000000, 0x0000000093100000, 0x0000000093100000|100%| O|  |TAMS 0x0000000093000000| PB 0x0000000093000000| Untracked 
| 305|0x0000000093100000, 0x0000000093200000, 0x0000000093200000|100%| O|  |TAMS 0x0000000093100000| PB 0x0000000093100000| Untracked 
| 306|0x0000000093200000, 0x0000000093300000, 0x0000000093300000|100%| O|  |TAMS 0x0000000093200000| PB 0x0000000093200000| Untracked 
| 307|0x0000000093300000, 0x0000000093400000, 0x0000000093400000|100%| O|  |TAMS 0x0000000093300000| PB 0x0000000093300000| Untracked 
| 308|0x0000000093400000, 0x0000000093500000, 0x0000000093500000|100%| O|  |TAMS 0x0000000093400000| PB 0x0000000093400000| Untracked 
| 309|0x0000000093500000, 0x0000000093600000, 0x0000000093600000|100%| O|  |TAMS 0x0000000093500000| PB 0x0000000093500000| Untracked 
| 310|0x0000000093600000, 0x0000000093700000, 0x0000000093700000|100%| O|  |TAMS 0x0000000093600000| PB 0x0000000093600000| Untracked 
| 311|0x0000000093700000, 0x0000000093800000, 0x0000000093800000|100%| O|  |TAMS 0x0000000093700000| PB 0x0000000093700000| Untracked 
| 312|0x0000000093800000, 0x0000000093900000, 0x0000000093900000|100%| O|  |TAMS 0x0000000093800000| PB 0x0000000093800000| Untracked 
| 313|0x0000000093900000, 0x0000000093900000, 0x0000000093a00000|  0%| F|  |TAMS 0x0000000093900000| PB 0x0000000093900000| Untracked 
| 314|0x0000000093a00000, 0x0000000093a0cca0, 0x0000000093b00000|  4%| O|  |TAMS 0x0000000093a00000| PB 0x0000000093a00000| Untracked 
| 315|0x0000000093b00000, 0x0000000093c00000, 0x0000000093c00000|100%| O|  |TAMS 0x0000000093b00000| PB 0x0000000093b00000| Untracked 
| 316|0x0000000093c00000, 0x0000000093d00000, 0x0000000093d00000|100%| O|  |TAMS 0x0000000093c00000| PB 0x0000000093c00000| Untracked 
| 317|0x0000000093d00000, 0x0000000093e00000, 0x0000000093e00000|100%| O|  |TAMS 0x0000000093d00000| PB 0x0000000093d00000| Untracked 
| 318|0x0000000093e00000, 0x0000000093e00000, 0x0000000093f00000|  0%| F|  |TAMS 0x0000000093e00000| PB 0x0000000093e00000| Untracked 
| 319|0x0000000093f00000, 0x0000000093f00000, 0x0000000094000000|  0%| F|  |TAMS 0x0000000093f00000| PB 0x0000000093f00000| Untracked 
| 320|0x0000000094000000, 0x0000000094100000, 0x0000000094100000|100%|HS|  |TAMS 0x0000000094000000| PB 0x0000000094000000| Complete 
| 321|0x0000000094100000, 0x0000000094200000, 0x0000000094200000|100%|HC|  |TAMS 0x0000000094100000| PB 0x0000000094100000| Complete 
| 322|0x0000000094200000, 0x0000000094300000, 0x0000000094300000|100%|HC|  |TAMS 0x0000000094200000| PB 0x0000000094200000| Complete 
| 323|0x0000000094300000, 0x0000000094400000, 0x0000000094400000|100%| O|  |TAMS 0x0000000094300000| PB 0x0000000094300000| Untracked 
| 324|0x0000000094400000, 0x0000000094400000, 0x0000000094500000|  0%| F|  |TAMS 0x0000000094400000| PB 0x0000000094400000| Untracked 
| 325|0x0000000094500000, 0x0000000094500000, 0x0000000094600000|  0%| F|  |TAMS 0x0000000094500000| PB 0x0000000094500000| Untracked 
| 326|0x0000000094600000, 0x0000000094700000, 0x0000000094700000|100%| O|  |TAMS 0x0000000094600000| PB 0x0000000094600000| Untracked 
| 327|0x0000000094700000, 0x0000000094800000, 0x0000000094800000|100%| O|  |TAMS 0x0000000094700000| PB 0x0000000094700000| Untracked 
| 328|0x0000000094800000, 0x0000000094800000, 0x0000000094900000|  0%| F|  |TAMS 0x0000000094800000| PB 0x0000000094800000| Untracked 
| 329|0x0000000094900000, 0x0000000094900000, 0x0000000094a00000|  0%| F|  |TAMS 0x0000000094900000| PB 0x0000000094900000| Untracked 
| 330|0x0000000094a00000, 0x0000000094b00000, 0x0000000094b00000|100%| O|  |TAMS 0x0000000094a00000| PB 0x0000000094a00000| Untracked 
| 331|0x0000000094b00000, 0x0000000094c00000, 0x0000000094c00000|100%|HS|  |TAMS 0x0000000094b00000| PB 0x0000000094b00000| Complete 
| 332|0x0000000094c00000, 0x0000000094d00000, 0x0000000094d00000|100%|HC|  |TAMS 0x0000000094c00000| PB 0x0000000094c00000| Complete 
| 333|0x0000000094d00000, 0x0000000094e00000, 0x0000000094e00000|100%|HC|  |TAMS 0x0000000094d00000| PB 0x0000000094d00000| Complete 
| 334|0x0000000094e00000, 0x0000000094e00000, 0x0000000094f00000|  0%| F|  |TAMS 0x0000000094e00000| PB 0x0000000094e00000| Untracked 
| 335|0x0000000094f00000, 0x0000000094f00000, 0x0000000095000000|  0%| F|  |TAMS 0x0000000094f00000| PB 0x0000000094f00000| Untracked 
| 336|0x0000000095000000, 0x0000000095000000, 0x0000000095100000|  0%| F|  |TAMS 0x0000000095000000| PB 0x0000000095000000| Untracked 
| 337|0x0000000095100000, 0x0000000095100000, 0x0000000095200000|  0%| F|  |TAMS 0x0000000095100000| PB 0x0000000095100000| Untracked 
| 338|0x0000000095200000, 0x0000000095200000, 0x0000000095300000|  0%| F|  |TAMS 0x0000000095200000| PB 0x0000000095200000| Untracked 
| 339|0x0000000095300000, 0x0000000095300000, 0x0000000095400000|  0%| F|  |TAMS 0x0000000095300000| PB 0x0000000095300000| Untracked 
| 340|0x0000000095400000, 0x0000000095500000, 0x0000000095500000|100%| O|  |TAMS 0x0000000095400000| PB 0x0000000095400000| Untracked 
| 341|0x0000000095500000, 0x0000000095600000, 0x0000000095600000|100%| O|  |TAMS 0x0000000095500000| PB 0x0000000095500000| Untracked 
| 342|0x0000000095600000, 0x0000000095700000, 0x0000000095700000|100%| O|  |TAMS 0x0000000095600000| PB 0x0000000095600000| Untracked 
| 343|0x0000000095700000, 0x0000000095700000, 0x0000000095800000|  0%| F|  |TAMS 0x0000000095700000| PB 0x0000000095700000| Untracked 
| 344|0x0000000095800000, 0x0000000095800000, 0x0000000095900000|  0%| F|  |TAMS 0x0000000095800000| PB 0x0000000095800000| Untracked 
| 345|0x0000000095900000, 0x0000000095900000, 0x0000000095a00000|  0%| F|  |TAMS 0x0000000095900000| PB 0x0000000095900000| Untracked 
| 346|0x0000000095a00000, 0x0000000095b00000, 0x0000000095b00000|100%|HS|  |TAMS 0x0000000095a00000| PB 0x0000000095a00000| Complete 
| 347|0x0000000095b00000, 0x0000000095c00000, 0x0000000095c00000|100%|HC|  |TAMS 0x0000000095b00000| PB 0x0000000095b00000| Complete 
| 348|0x0000000095c00000, 0x0000000095d00000, 0x0000000095d00000|100%|HS|  |TAMS 0x0000000095c00000| PB 0x0000000095c00000| Complete 
| 349|0x0000000095d00000, 0x0000000095e00000, 0x0000000095e00000|100%|HC|  |TAMS 0x0000000095d00000| PB 0x0000000095d00000| Complete 
| 350|0x0000000095e00000, 0x0000000095e00000, 0x0000000095f00000|  0%| F|  |TAMS 0x0000000095e00000| PB 0x0000000095e00000| Untracked 
| 351|0x0000000095f00000, 0x0000000095f00000, 0x0000000096000000|  0%| F|  |TAMS 0x0000000095f00000| PB 0x0000000095f00000| Untracked 
| 352|0x0000000096000000, 0x0000000096000000, 0x0000000096100000|  0%| F|  |TAMS 0x0000000096000000| PB 0x0000000096000000| Untracked 
| 353|0x0000000096100000, 0x0000000096100000, 0x0000000096200000|  0%| F|  |TAMS 0x0000000096100000| PB 0x0000000096100000| Untracked 
| 354|0x0000000096200000, 0x0000000096300000, 0x0000000096300000|100%| O|  |TAMS 0x0000000096200000| PB 0x0000000096200000| Untracked 
| 355|0x0000000096300000, 0x0000000096300000, 0x0000000096400000|  0%| F|  |TAMS 0x0000000096300000| PB 0x0000000096300000| Untracked 
| 356|0x0000000096400000, 0x0000000096400000, 0x0000000096500000|  0%| F|  |TAMS 0x0000000096400000| PB 0x0000000096400000| Untracked 
| 357|0x0000000096500000, 0x0000000096500000, 0x0000000096600000|  0%| F|  |TAMS 0x0000000096500000| PB 0x0000000096500000| Untracked 
| 358|0x0000000096600000, 0x0000000096600000, 0x0000000096700000|  0%| F|  |TAMS 0x0000000096600000| PB 0x0000000096600000| Untracked 
| 359|0x0000000096700000, 0x0000000096700000, 0x0000000096800000|  0%| F|  |TAMS 0x0000000096700000| PB 0x0000000096700000| Untracked 
| 360|0x0000000096800000, 0x0000000096800000, 0x0000000096900000|  0%| F|  |TAMS 0x0000000096800000| PB 0x0000000096800000| Untracked 
| 361|0x0000000096900000, 0x0000000096900000, 0x0000000096a00000|  0%| F|  |TAMS 0x0000000096900000| PB 0x0000000096900000| Untracked 
| 362|0x0000000096a00000, 0x0000000096a00000, 0x0000000096b00000|  0%| F|  |TAMS 0x0000000096a00000| PB 0x0000000096a00000| Untracked 
| 363|0x0000000096b00000, 0x0000000096bd65d0, 0x0000000096c00000| 83%| S|CS|TAMS 0x0000000096b00000| PB 0x0000000096b00000| Complete 
| 364|0x0000000096c00000, 0x0000000096d00000, 0x0000000096d00000|100%| S|CS|TAMS 0x0000000096c00000| PB 0x0000000096c00000| Complete 
| 365|0x0000000096d00000, 0x0000000096e00000, 0x0000000096e00000|100%| O|  |TAMS 0x0000000096d00000| PB 0x0000000096d00000| Untracked 
| 366|0x0000000096e00000, 0x0000000096f00000, 0x0000000096f00000|100%| O|  |TAMS 0x0000000096e00000| PB 0x0000000096e00000| Untracked 
| 367|0x0000000096f00000, 0x0000000097000000, 0x0000000097000000|100%| O|  |TAMS 0x0000000096f00000| PB 0x0000000096f00000| Untracked 
| 368|0x0000000097000000, 0x0000000097100000, 0x0000000097100000|100%| S|CS|TAMS 0x0000000097000000| PB 0x0000000097000000| Complete 
| 369|0x0000000097100000, 0x0000000097200000, 0x0000000097200000|100%| S|CS|TAMS 0x0000000097100000| PB 0x0000000097100000| Complete 
| 370|0x0000000097200000, 0x0000000097300000, 0x0000000097300000|100%| S|CS|TAMS 0x0000000097200000| PB 0x0000000097200000| Complete 
| 371|0x0000000097300000, 0x0000000097400000, 0x0000000097400000|100%| S|CS|TAMS 0x0000000097300000| PB 0x0000000097300000| Complete 
| 372|0x0000000097400000, 0x0000000097500000, 0x0000000097500000|100%| S|CS|TAMS 0x0000000097400000| PB 0x0000000097400000| Complete 
| 373|0x0000000097500000, 0x0000000097600000, 0x0000000097600000|100%| S|CS|TAMS 0x0000000097500000| PB 0x0000000097500000| Complete 
| 374|0x0000000097600000, 0x0000000097600000, 0x0000000097700000|  0%| F|  |TAMS 0x0000000097600000| PB 0x0000000097600000| Untracked 
| 375|0x0000000097700000, 0x0000000097700000, 0x0000000097800000|  0%| F|  |TAMS 0x0000000097700000| PB 0x0000000097700000| Untracked 
| 376|0x0000000097800000, 0x0000000097800000, 0x0000000097900000|  0%| F|  |TAMS 0x0000000097800000| PB 0x0000000097800000| Untracked 
| 377|0x0000000097900000, 0x0000000097900000, 0x0000000097a00000|  0%| F|  |TAMS 0x0000000097900000| PB 0x0000000097900000| Untracked 
| 378|0x0000000097a00000, 0x0000000097a00000, 0x0000000097b00000|  0%| F|  |TAMS 0x0000000097a00000| PB 0x0000000097a00000| Untracked 
| 379|0x0000000097b00000, 0x0000000097b00000, 0x0000000097c00000|  0%| F|  |TAMS 0x0000000097b00000| PB 0x0000000097b00000| Untracked 
| 380|0x0000000097c00000, 0x0000000097d00000, 0x0000000097d00000|100%| S|CS|TAMS 0x0000000097c00000| PB 0x0000000097c00000| Complete 
| 381|0x0000000097d00000, 0x0000000097e00000, 0x0000000097e00000|100%| S|CS|TAMS 0x0000000097d00000| PB 0x0000000097d00000| Complete 
| 382|0x0000000097e00000, 0x0000000097f00000, 0x0000000097f00000|100%| S|CS|TAMS 0x0000000097e00000| PB 0x0000000097e00000| Complete 
| 383|0x0000000097f00000, 0x0000000097f00000, 0x0000000098000000|  0%| F|  |TAMS 0x0000000097f00000| PB 0x0000000097f00000| Untracked 
| 384|0x0000000098000000, 0x0000000098000000, 0x0000000098100000|  0%| F|  |TAMS 0x0000000098000000| PB 0x0000000098000000| Untracked 
| 385|0x0000000098100000, 0x0000000098100000, 0x0000000098200000|  0%| F|  |TAMS 0x0000000098100000| PB 0x0000000098100000| Untracked 
| 386|0x0000000098200000, 0x0000000098200000, 0x0000000098300000|  0%| F|  |TAMS 0x0000000098200000| PB 0x0000000098200000| Untracked 
| 387|0x0000000098300000, 0x0000000098300000, 0x0000000098400000|  0%| F|  |TAMS 0x0000000098300000| PB 0x0000000098300000| Untracked 
| 388|0x0000000098400000, 0x0000000098400000, 0x0000000098500000|  0%| F|  |TAMS 0x0000000098400000| PB 0x0000000098400000| Untracked 
| 389|0x0000000098500000, 0x0000000098500000, 0x0000000098600000|  0%| F|  |TAMS 0x0000000098500000| PB 0x0000000098500000| Untracked 
| 390|0x0000000098600000, 0x0000000098600000, 0x0000000098700000|  0%| F|  |TAMS 0x0000000098600000| PB 0x0000000098600000| Untracked 
| 391|0x0000000098700000, 0x0000000098700000, 0x0000000098800000|  0%| F|  |TAMS 0x0000000098700000| PB 0x0000000098700000| Untracked 
| 392|0x0000000098800000, 0x0000000098800000, 0x0000000098900000|  0%| F|  |TAMS 0x0000000098800000| PB 0x0000000098800000| Untracked 
| 393|0x0000000098900000, 0x0000000098900000, 0x0000000098a00000|  0%| F|  |TAMS 0x0000000098900000| PB 0x0000000098900000| Untracked 
| 394|0x0000000098a00000, 0x0000000098a00000, 0x0000000098b00000|  0%| F|  |TAMS 0x0000000098a00000| PB 0x0000000098a00000| Untracked 
| 395|0x0000000098b00000, 0x0000000098b00000, 0x0000000098c00000|  0%| F|  |TAMS 0x0000000098b00000| PB 0x0000000098b00000| Untracked 
| 396|0x0000000098c00000, 0x0000000098c00000, 0x0000000098d00000|  0%| F|  |TAMS 0x0000000098c00000| PB 0x0000000098c00000| Untracked 
| 397|0x0000000098d00000, 0x0000000098d00000, 0x0000000098e00000|  0%| F|  |TAMS 0x0000000098d00000| PB 0x0000000098d00000| Untracked 
| 398|0x0000000098e00000, 0x0000000098e00000, 0x0000000098f00000|  0%| F|  |TAMS 0x0000000098e00000| PB 0x0000000098e00000| Untracked 
| 399|0x0000000098f00000, 0x0000000098f00000, 0x0000000099000000|  0%| F|  |TAMS 0x0000000098f00000| PB 0x0000000098f00000| Untracked 
| 400|0x0000000099000000, 0x0000000099000000, 0x0000000099100000|  0%| F|  |TAMS 0x0000000099000000| PB 0x0000000099000000| Untracked 
| 401|0x0000000099100000, 0x0000000099100000, 0x0000000099200000|  0%| F|  |TAMS 0x0000000099100000| PB 0x0000000099100000| Untracked 
| 402|0x0000000099200000, 0x0000000099200000, 0x0000000099300000|  0%| F|  |TAMS 0x0000000099200000| PB 0x0000000099200000| Untracked 
| 403|0x0000000099300000, 0x0000000099300000, 0x0000000099400000|  0%| F|  |TAMS 0x0000000099300000| PB 0x0000000099300000| Untracked 
| 404|0x0000000099400000, 0x0000000099400000, 0x0000000099500000|  0%| F|  |TAMS 0x0000000099400000| PB 0x0000000099400000| Untracked 
| 405|0x0000000099500000, 0x0000000099500000, 0x0000000099600000|  0%| F|  |TAMS 0x0000000099500000| PB 0x0000000099500000| Untracked 
| 406|0x0000000099600000, 0x0000000099600000, 0x0000000099700000|  0%| F|  |TAMS 0x0000000099600000| PB 0x0000000099600000| Untracked 
| 407|0x0000000099700000, 0x0000000099700000, 0x0000000099800000|  0%| F|  |TAMS 0x0000000099700000| PB 0x0000000099700000| Untracked 
| 408|0x0000000099800000, 0x0000000099800000, 0x0000000099900000|  0%| F|  |TAMS 0x0000000099800000| PB 0x0000000099800000| Untracked 
| 409|0x0000000099900000, 0x0000000099900000, 0x0000000099a00000|  0%| F|  |TAMS 0x0000000099900000| PB 0x0000000099900000| Untracked 
| 410|0x0000000099a00000, 0x0000000099a00000, 0x0000000099b00000|  0%| F|  |TAMS 0x0000000099a00000| PB 0x0000000099a00000| Untracked 
| 411|0x0000000099b00000, 0x0000000099b00000, 0x0000000099c00000|  0%| F|  |TAMS 0x0000000099b00000| PB 0x0000000099b00000| Untracked 
| 412|0x0000000099c00000, 0x0000000099c00000, 0x0000000099d00000|  0%| F|  |TAMS 0x0000000099c00000| PB 0x0000000099c00000| Untracked 
| 413|0x0000000099d00000, 0x0000000099d00000, 0x0000000099e00000|  0%| F|  |TAMS 0x0000000099d00000| PB 0x0000000099d00000| Untracked 
| 414|0x0000000099e00000, 0x0000000099e00000, 0x0000000099f00000|  0%| F|  |TAMS 0x0000000099e00000| PB 0x0000000099e00000| Untracked 
| 415|0x0000000099f00000, 0x0000000099f00000, 0x000000009a000000|  0%| F|  |TAMS 0x0000000099f00000| PB 0x0000000099f00000| Untracked 
| 416|0x000000009a000000, 0x000000009a000000, 0x000000009a100000|  0%| F|  |TAMS 0x000000009a000000| PB 0x000000009a000000| Untracked 
| 417|0x000000009a100000, 0x000000009a100000, 0x000000009a200000|  0%| F|  |TAMS 0x000000009a100000| PB 0x000000009a100000| Untracked 
| 418|0x000000009a200000, 0x000000009a200000, 0x000000009a300000|  0%| F|  |TAMS 0x000000009a200000| PB 0x000000009a200000| Untracked 
| 419|0x000000009a300000, 0x000000009a300000, 0x000000009a400000|  0%| F|  |TAMS 0x000000009a300000| PB 0x000000009a300000| Untracked 
| 420|0x000000009a400000, 0x000000009a400000, 0x000000009a500000|  0%| F|  |TAMS 0x000000009a400000| PB 0x000000009a400000| Untracked 
| 421|0x000000009a500000, 0x000000009a500000, 0x000000009a600000|  0%| F|  |TAMS 0x000000009a500000| PB 0x000000009a500000| Untracked 
| 422|0x000000009a600000, 0x000000009a600000, 0x000000009a700000|  0%| F|  |TAMS 0x000000009a600000| PB 0x000000009a600000| Untracked 
| 423|0x000000009a700000, 0x000000009a700000, 0x000000009a800000|  0%| F|  |TAMS 0x000000009a700000| PB 0x000000009a700000| Untracked 
| 424|0x000000009a800000, 0x000000009a800000, 0x000000009a900000|  0%| F|  |TAMS 0x000000009a800000| PB 0x000000009a800000| Untracked 
| 425|0x000000009a900000, 0x000000009a900000, 0x000000009aa00000|  0%| F|  |TAMS 0x000000009a900000| PB 0x000000009a900000| Untracked 
| 426|0x000000009aa00000, 0x000000009aa00000, 0x000000009ab00000|  0%| F|  |TAMS 0x000000009aa00000| PB 0x000000009aa00000| Untracked 
| 427|0x000000009ab00000, 0x000000009ab00000, 0x000000009ac00000|  0%| F|  |TAMS 0x000000009ab00000| PB 0x000000009ab00000| Untracked 
| 428|0x000000009ac00000, 0x000000009ac00000, 0x000000009ad00000|  0%| F|  |TAMS 0x000000009ac00000| PB 0x000000009ac00000| Untracked 
| 429|0x000000009ad00000, 0x000000009ad00000, 0x000000009ae00000|  0%| F|  |TAMS 0x000000009ad00000| PB 0x000000009ad00000| Untracked 
| 430|0x000000009ae00000, 0x000000009ae00000, 0x000000009af00000|  0%| F|  |TAMS 0x000000009ae00000| PB 0x000000009ae00000| Untracked 
| 431|0x000000009af00000, 0x000000009af00000, 0x000000009b000000|  0%| F|  |TAMS 0x000000009af00000| PB 0x000000009af00000| Untracked 
| 432|0x000000009b000000, 0x000000009b000000, 0x000000009b100000|  0%| F|  |TAMS 0x000000009b000000| PB 0x000000009b000000| Untracked 
| 433|0x000000009b100000, 0x000000009b100000, 0x000000009b200000|  0%| F|  |TAMS 0x000000009b100000| PB 0x000000009b100000| Untracked 
| 434|0x000000009b200000, 0x000000009b200000, 0x000000009b300000|  0%| F|  |TAMS 0x000000009b200000| PB 0x000000009b200000| Untracked 
| 435|0x000000009b300000, 0x000000009b300000, 0x000000009b400000|  0%| F|  |TAMS 0x000000009b300000| PB 0x000000009b300000| Untracked 
| 436|0x000000009b400000, 0x000000009b400000, 0x000000009b500000|  0%| F|  |TAMS 0x000000009b400000| PB 0x000000009b400000| Untracked 
| 437|0x000000009b500000, 0x000000009b500000, 0x000000009b600000|  0%| F|  |TAMS 0x000000009b500000| PB 0x000000009b500000| Untracked 
| 438|0x000000009b600000, 0x000000009b600000, 0x000000009b700000|  0%| F|  |TAMS 0x000000009b600000| PB 0x000000009b600000| Untracked 
| 439|0x000000009b700000, 0x000000009b700000, 0x000000009b800000|  0%| F|  |TAMS 0x000000009b700000| PB 0x000000009b700000| Untracked 
| 440|0x000000009b800000, 0x000000009b800000, 0x000000009b900000|  0%| F|  |TAMS 0x000000009b800000| PB 0x000000009b800000| Untracked 
| 441|0x000000009b900000, 0x000000009b900000, 0x000000009ba00000|  0%| F|  |TAMS 0x000000009b900000| PB 0x000000009b900000| Untracked 
| 442|0x000000009ba00000, 0x000000009ba00000, 0x000000009bb00000|  0%| F|  |TAMS 0x000000009ba00000| PB 0x000000009ba00000| Untracked 
| 443|0x000000009bb00000, 0x000000009bb00000, 0x000000009bc00000|  0%| F|  |TAMS 0x000000009bb00000| PB 0x000000009bb00000| Untracked 
| 444|0x000000009bc00000, 0x000000009bc00000, 0x000000009bd00000|  0%| F|  |TAMS 0x000000009bc00000| PB 0x000000009bc00000| Untracked 
| 445|0x000000009bd00000, 0x000000009bd00000, 0x000000009be00000|  0%| F|  |TAMS 0x000000009bd00000| PB 0x000000009bd00000| Untracked 
| 446|0x000000009be00000, 0x000000009be00000, 0x000000009bf00000|  0%| F|  |TAMS 0x000000009be00000| PB 0x000000009be00000| Untracked 
| 447|0x000000009bf00000, 0x000000009bf00000, 0x000000009c000000|  0%| F|  |TAMS 0x000000009bf00000| PB 0x000000009bf00000| Untracked 
| 448|0x000000009c000000, 0x000000009c000000, 0x000000009c100000|  0%| F|  |TAMS 0x000000009c000000| PB 0x000000009c000000| Untracked 
| 449|0x000000009c100000, 0x000000009c100000, 0x000000009c200000|  0%| F|  |TAMS 0x000000009c100000| PB 0x000000009c100000| Untracked 
| 450|0x000000009c200000, 0x000000009c200000, 0x000000009c300000|  0%| F|  |TAMS 0x000000009c200000| PB 0x000000009c200000| Untracked 
| 451|0x000000009c300000, 0x000000009c300000, 0x000000009c400000|  0%| F|  |TAMS 0x000000009c300000| PB 0x000000009c300000| Untracked 
| 452|0x000000009c400000, 0x000000009c400000, 0x000000009c500000|  0%| F|  |TAMS 0x000000009c400000| PB 0x000000009c400000| Untracked 
| 453|0x000000009c500000, 0x000000009c500000, 0x000000009c600000|  0%| F|  |TAMS 0x000000009c500000| PB 0x000000009c500000| Untracked 
| 454|0x000000009c600000, 0x000000009c600000, 0x000000009c700000|  0%| F|  |TAMS 0x000000009c600000| PB 0x000000009c600000| Untracked 
| 455|0x000000009c700000, 0x000000009c700000, 0x000000009c800000|  0%| F|  |TAMS 0x000000009c700000| PB 0x000000009c700000| Untracked 
| 456|0x000000009c800000, 0x000000009c800000, 0x000000009c900000|  0%| F|  |TAMS 0x000000009c800000| PB 0x000000009c800000| Untracked 
| 457|0x000000009c900000, 0x000000009c900000, 0x000000009ca00000|  0%| F|  |TAMS 0x000000009c900000| PB 0x000000009c900000| Untracked 
| 458|0x000000009ca00000, 0x000000009ca00000, 0x000000009cb00000|  0%| F|  |TAMS 0x000000009ca00000| PB 0x000000009ca00000| Untracked 
| 459|0x000000009cb00000, 0x000000009cb00000, 0x000000009cc00000|  0%| F|  |TAMS 0x000000009cb00000| PB 0x000000009cb00000| Untracked 
| 460|0x000000009cc00000, 0x000000009cc00000, 0x000000009cd00000|  0%| F|  |TAMS 0x000000009cc00000| PB 0x000000009cc00000| Untracked 
| 461|0x000000009cd00000, 0x000000009cd00000, 0x000000009ce00000|  0%| F|  |TAMS 0x000000009cd00000| PB 0x000000009cd00000| Untracked 
| 462|0x000000009ce00000, 0x000000009ce00000, 0x000000009cf00000|  0%| F|  |TAMS 0x000000009ce00000| PB 0x000000009ce00000| Untracked 
| 463|0x000000009cf00000, 0x000000009cf00000, 0x000000009d000000|  0%| F|  |TAMS 0x000000009cf00000| PB 0x000000009cf00000| Untracked 
| 464|0x000000009d000000, 0x000000009d000000, 0x000000009d100000|  0%| F|  |TAMS 0x000000009d000000| PB 0x000000009d000000| Untracked 
| 465|0x000000009d100000, 0x000000009d100000, 0x000000009d200000|  0%| F|  |TAMS 0x000000009d100000| PB 0x000000009d100000| Untracked 
| 466|0x000000009d200000, 0x000000009d300000, 0x000000009d300000|100%| O|  |TAMS 0x000000009d200000| PB 0x000000009d200000| Untracked 
| 467|0x000000009d300000, 0x000000009d300000, 0x000000009d400000|  0%| F|  |TAMS 0x000000009d300000| PB 0x000000009d300000| Untracked 
| 468|0x000000009d400000, 0x000000009d400000, 0x000000009d500000|  0%| F|  |TAMS 0x000000009d400000| PB 0x000000009d400000| Untracked 
| 469|0x000000009d500000, 0x000000009d500000, 0x000000009d600000|  0%| F|  |TAMS 0x000000009d500000| PB 0x000000009d500000| Untracked 
| 470|0x000000009d600000, 0x000000009d700000, 0x000000009d700000|100%| O|  |TAMS 0x000000009d600000| PB 0x000000009d600000| Untracked 
| 471|0x000000009d700000, 0x000000009d700000, 0x000000009d800000|  0%| F|  |TAMS 0x000000009d700000| PB 0x000000009d700000| Untracked 
| 472|0x000000009d800000, 0x000000009d800000, 0x000000009d900000|  0%| F|  |TAMS 0x000000009d800000| PB 0x000000009d800000| Untracked 
| 473|0x000000009d900000, 0x000000009d900000, 0x000000009da00000|  0%| F|  |TAMS 0x000000009d900000| PB 0x000000009d900000| Untracked 
| 474|0x000000009da00000, 0x000000009da00000, 0x000000009db00000|  0%| F|  |TAMS 0x000000009da00000| PB 0x000000009da00000| Untracked 
| 475|0x000000009db00000, 0x000000009db00000, 0x000000009dc00000|  0%| F|  |TAMS 0x000000009db00000| PB 0x000000009db00000| Untracked 
| 476|0x000000009dc00000, 0x000000009dc00000, 0x000000009dd00000|  0%| F|  |TAMS 0x000000009dc00000| PB 0x000000009dc00000| Untracked 
| 477|0x000000009dd00000, 0x000000009dd00000, 0x000000009de00000|  0%| F|  |TAMS 0x000000009dd00000| PB 0x000000009dd00000| Untracked 
| 478|0x000000009de00000, 0x000000009de00000, 0x000000009df00000|  0%| F|  |TAMS 0x000000009de00000| PB 0x000000009de00000| Untracked 
| 479|0x000000009df00000, 0x000000009df00000, 0x000000009e000000|  0%| F|  |TAMS 0x000000009df00000| PB 0x000000009df00000| Untracked 
| 480|0x000000009e000000, 0x000000009e000000, 0x000000009e100000|  0%| F|  |TAMS 0x000000009e000000| PB 0x000000009e000000| Untracked 
| 481|0x000000009e100000, 0x000000009e100000, 0x000000009e200000|  0%| F|  |TAMS 0x000000009e100000| PB 0x000000009e100000| Untracked 
| 482|0x000000009e200000, 0x000000009e300000, 0x000000009e300000|100%| E|  |TAMS 0x000000009e200000| PB 0x000000009e200000| Complete 
| 483|0x000000009e300000, 0x000000009e400000, 0x000000009e400000|100%| E|CS|TAMS 0x000000009e300000| PB 0x000000009e300000| Complete 
| 484|0x000000009e400000, 0x000000009e500000, 0x000000009e500000|100%| E|CS|TAMS 0x000000009e400000| PB 0x000000009e400000| Complete 
| 485|0x000000009e500000, 0x000000009e600000, 0x000000009e600000|100%| E|CS|TAMS 0x000000009e500000| PB 0x000000009e500000| Complete 
| 486|0x000000009e600000, 0x000000009e700000, 0x000000009e700000|100%| E|CS|TAMS 0x000000009e600000| PB 0x000000009e600000| Complete 
| 487|0x000000009e700000, 0x000000009e800000, 0x000000009e800000|100%| E|CS|TAMS 0x000000009e700000| PB 0x000000009e700000| Complete 
| 488|0x000000009e800000, 0x000000009e900000, 0x000000009e900000|100%| E|  |TAMS 0x000000009e800000| PB 0x000000009e800000| Complete 
| 489|0x000000009e900000, 0x000000009ea00000, 0x000000009ea00000|100%| E|CS|TAMS 0x000000009e900000| PB 0x000000009e900000| Complete 
| 490|0x000000009ea00000, 0x000000009eb00000, 0x000000009eb00000|100%| E|CS|TAMS 0x000000009ea00000| PB 0x000000009ea00000| Complete 
| 491|0x000000009eb00000, 0x000000009ec00000, 0x000000009ec00000|100%| E|CS|TAMS 0x000000009eb00000| PB 0x000000009eb00000| Complete 
| 492|0x000000009ec00000, 0x000000009ed00000, 0x000000009ed00000|100%| E|CS|TAMS 0x000000009ec00000| PB 0x000000009ec00000| Complete 
| 493|0x000000009ed00000, 0x000000009ee00000, 0x000000009ee00000|100%| E|CS|TAMS 0x000000009ed00000| PB 0x000000009ed00000| Complete 
| 494|0x000000009ee00000, 0x000000009ef00000, 0x000000009ef00000|100%| E|CS|TAMS 0x000000009ee00000| PB 0x000000009ee00000| Complete 
| 495|0x000000009ef00000, 0x000000009f000000, 0x000000009f000000|100%| E|CS|TAMS 0x000000009ef00000| PB 0x000000009ef00000| Complete 
| 496|0x000000009f000000, 0x000000009f100000, 0x000000009f100000|100%| E|CS|TAMS 0x000000009f000000| PB 0x000000009f000000| Complete 
| 497|0x000000009f100000, 0x000000009f200000, 0x000000009f200000|100%| E|CS|TAMS 0x000000009f100000| PB 0x000000009f100000| Complete 
| 498|0x000000009f200000, 0x000000009f300000, 0x000000009f300000|100%| E|CS|TAMS 0x000000009f200000| PB 0x000000009f200000| Complete 
| 499|0x000000009f300000, 0x000000009f400000, 0x000000009f400000|100%| E|CS|TAMS 0x000000009f300000| PB 0x000000009f300000| Complete 
| 500|0x000000009f400000, 0x000000009f500000, 0x000000009f500000|100%| E|CS|TAMS 0x000000009f400000| PB 0x000000009f400000| Complete 
| 501|0x000000009f500000, 0x000000009f600000, 0x000000009f600000|100%| E|CS|TAMS 0x000000009f500000| PB 0x000000009f500000| Complete 
| 502|0x000000009f600000, 0x000000009f700000, 0x000000009f700000|100%| E|CS|TAMS 0x000000009f600000| PB 0x000000009f600000| Complete 
| 503|0x000000009f700000, 0x000000009f800000, 0x000000009f800000|100%| E|CS|TAMS 0x000000009f700000| PB 0x000000009f700000| Complete 
| 504|0x000000009f800000, 0x000000009f900000, 0x000000009f900000|100%| E|CS|TAMS 0x000000009f800000| PB 0x000000009f800000| Complete 
| 505|0x000000009f900000, 0x000000009fa00000, 0x000000009fa00000|100%| E|CS|TAMS 0x000000009f900000| PB 0x000000009f900000| Complete 
| 506|0x000000009fa00000, 0x000000009fb00000, 0x000000009fb00000|100%| E|CS|TAMS 0x000000009fa00000| PB 0x000000009fa00000| Complete 
| 507|0x000000009fb00000, 0x000000009fc00000, 0x000000009fc00000|100%| E|CS|TAMS 0x000000009fb00000| PB 0x000000009fb00000| Complete 
| 508|0x000000009fc00000, 0x000000009fd00000, 0x000000009fd00000|100%| E|CS|TAMS 0x000000009fc00000| PB 0x000000009fc00000| Complete 
| 509|0x000000009fd00000, 0x000000009fe00000, 0x000000009fe00000|100%| E|CS|TAMS 0x000000009fd00000| PB 0x000000009fd00000| Complete 
| 510|0x000000009fe00000, 0x000000009ff00000, 0x000000009ff00000|100%| E|CS|TAMS 0x000000009fe00000| PB 0x000000009fe00000| Complete 
| 511|0x000000009ff00000, 0x00000000a0000000, 0x00000000a0000000|100%| E|CS|TAMS 0x000000009ff00000| PB 0x000000009ff00000| Complete 
| 512|0x00000000a0000000, 0x00000000a0100000, 0x00000000a0100000|100%| E|CS|TAMS 0x00000000a0000000| PB 0x00000000a0000000| Complete 
| 513|0x00000000a0100000, 0x00000000a0200000, 0x00000000a0200000|100%| E|CS|TAMS 0x00000000a0100000| PB 0x00000000a0100000| Complete 
| 514|0x00000000a0200000, 0x00000000a0300000, 0x00000000a0300000|100%| E|CS|TAMS 0x00000000a0200000| PB 0x00000000a0200000| Complete 
| 515|0x00000000a0300000, 0x00000000a0400000, 0x00000000a0400000|100%| E|CS|TAMS 0x00000000a0300000| PB 0x00000000a0300000| Complete 
| 516|0x00000000a0400000, 0x00000000a0500000, 0x00000000a0500000|100%| E|CS|TAMS 0x00000000a0400000| PB 0x00000000a0400000| Complete 
| 517|0x00000000a0500000, 0x00000000a0600000, 0x00000000a0600000|100%| E|CS|TAMS 0x00000000a0500000| PB 0x00000000a0500000| Complete 
| 518|0x00000000a0600000, 0x00000000a0700000, 0x00000000a0700000|100%| E|CS|TAMS 0x00000000a0600000| PB 0x00000000a0600000| Complete 
| 519|0x00000000a0700000, 0x00000000a0800000, 0x00000000a0800000|100%| E|CS|TAMS 0x00000000a0700000| PB 0x00000000a0700000| Complete 
| 520|0x00000000a0800000, 0x00000000a0900000, 0x00000000a0900000|100%| E|CS|TAMS 0x00000000a0800000| PB 0x00000000a0800000| Complete 
| 521|0x00000000a0900000, 0x00000000a0a00000, 0x00000000a0a00000|100%| E|CS|TAMS 0x00000000a0900000| PB 0x00000000a0900000| Complete 
| 522|0x00000000a0a00000, 0x00000000a0b00000, 0x00000000a0b00000|100%| E|CS|TAMS 0x00000000a0a00000| PB 0x00000000a0a00000| Complete 
| 523|0x00000000a0b00000, 0x00000000a0c00000, 0x00000000a0c00000|100%| E|CS|TAMS 0x00000000a0b00000| PB 0x00000000a0b00000| Complete 
| 524|0x00000000a0c00000, 0x00000000a0d00000, 0x00000000a0d00000|100%| E|CS|TAMS 0x00000000a0c00000| PB 0x00000000a0c00000| Complete 
| 525|0x00000000a0d00000, 0x00000000a0e00000, 0x00000000a0e00000|100%| E|CS|TAMS 0x00000000a0d00000| PB 0x00000000a0d00000| Complete 
| 526|0x00000000a0e00000, 0x00000000a0f00000, 0x00000000a0f00000|100%| E|CS|TAMS 0x00000000a0e00000| PB 0x00000000a0e00000| Complete 
| 527|0x00000000a0f00000, 0x00000000a1000000, 0x00000000a1000000|100%| E|CS|TAMS 0x00000000a0f00000| PB 0x00000000a0f00000| Complete 
| 528|0x00000000a1000000, 0x00000000a1100000, 0x00000000a1100000|100%| E|CS|TAMS 0x00000000a1000000| PB 0x00000000a1000000| Complete 
| 529|0x00000000a1100000, 0x00000000a1200000, 0x00000000a1200000|100%| E|CS|TAMS 0x00000000a1100000| PB 0x00000000a1100000| Complete 
| 530|0x00000000a1200000, 0x00000000a1300000, 0x00000000a1300000|100%| E|CS|TAMS 0x00000000a1200000| PB 0x00000000a1200000| Complete 
| 531|0x00000000a1300000, 0x00000000a1400000, 0x00000000a1400000|100%| E|CS|TAMS 0x00000000a1300000| PB 0x00000000a1300000| Complete 
| 532|0x00000000a1400000, 0x00000000a1500000, 0x00000000a1500000|100%| E|CS|TAMS 0x00000000a1400000| PB 0x00000000a1400000| Complete 
| 533|0x00000000a1500000, 0x00000000a1600000, 0x00000000a1600000|100%| E|CS|TAMS 0x00000000a1500000| PB 0x00000000a1500000| Complete 
| 534|0x00000000a1600000, 0x00000000a1700000, 0x00000000a1700000|100%| E|CS|TAMS 0x00000000a1600000| PB 0x00000000a1600000| Complete 
| 535|0x00000000a1700000, 0x00000000a1800000, 0x00000000a1800000|100%| E|CS|TAMS 0x00000000a1700000| PB 0x00000000a1700000| Complete 
| 536|0x00000000a1800000, 0x00000000a1900000, 0x00000000a1900000|100%| E|CS|TAMS 0x00000000a1800000| PB 0x00000000a1800000| Complete 
| 537|0x00000000a1900000, 0x00000000a1a00000, 0x00000000a1a00000|100%| E|CS|TAMS 0x00000000a1900000| PB 0x00000000a1900000| Complete 
| 538|0x00000000a1a00000, 0x00000000a1b00000, 0x00000000a1b00000|100%| E|CS|TAMS 0x00000000a1a00000| PB 0x00000000a1a00000| Complete 
| 539|0x00000000a1b00000, 0x00000000a1c00000, 0x00000000a1c00000|100%| E|CS|TAMS 0x00000000a1b00000| PB 0x00000000a1b00000| Complete 
| 540|0x00000000a1c00000, 0x00000000a1d00000, 0x00000000a1d00000|100%| E|CS|TAMS 0x00000000a1c00000| PB 0x00000000a1c00000| Complete 
| 541|0x00000000a1d00000, 0x00000000a1e00000, 0x00000000a1e00000|100%| E|CS|TAMS 0x00000000a1d00000| PB 0x00000000a1d00000| Complete 
| 542|0x00000000a1e00000, 0x00000000a1f00000, 0x00000000a1f00000|100%| E|CS|TAMS 0x00000000a1e00000| PB 0x00000000a1e00000| Complete 
| 543|0x00000000a1f00000, 0x00000000a2000000, 0x00000000a2000000|100%| E|CS|TAMS 0x00000000a1f00000| PB 0x00000000a1f00000| Complete 
| 544|0x00000000a2000000, 0x00000000a2100000, 0x00000000a2100000|100%| E|CS|TAMS 0x00000000a2000000| PB 0x00000000a2000000| Complete 
| 545|0x00000000a2100000, 0x00000000a2200000, 0x00000000a2200000|100%| E|CS|TAMS 0x00000000a2100000| PB 0x00000000a2100000| Complete 
| 546|0x00000000a2200000, 0x00000000a2300000, 0x00000000a2300000|100%| E|CS|TAMS 0x00000000a2200000| PB 0x00000000a2200000| Complete 
| 547|0x00000000a2300000, 0x00000000a2400000, 0x00000000a2400000|100%| E|CS|TAMS 0x00000000a2300000| PB 0x00000000a2300000| Complete 
| 548|0x00000000a2400000, 0x00000000a2500000, 0x00000000a2500000|100%| E|CS|TAMS 0x00000000a2400000| PB 0x00000000a2400000| Complete 
| 549|0x00000000a2500000, 0x00000000a2600000, 0x00000000a2600000|100%| E|CS|TAMS 0x00000000a2500000| PB 0x00000000a2500000| Complete 
| 550|0x00000000a2600000, 0x00000000a2700000, 0x00000000a2700000|100%| E|CS|TAMS 0x00000000a2600000| PB 0x00000000a2600000| Complete 
| 551|0x00000000a2700000, 0x00000000a2800000, 0x00000000a2800000|100%| E|CS|TAMS 0x00000000a2700000| PB 0x00000000a2700000| Complete 
| 552|0x00000000a2800000, 0x00000000a2900000, 0x00000000a2900000|100%| E|CS|TAMS 0x00000000a2800000| PB 0x00000000a2800000| Complete 
| 553|0x00000000a2900000, 0x00000000a2a00000, 0x00000000a2a00000|100%| E|CS|TAMS 0x00000000a2900000| PB 0x00000000a2900000| Complete 
| 554|0x00000000a2a00000, 0x00000000a2b00000, 0x00000000a2b00000|100%| E|CS|TAMS 0x00000000a2a00000| PB 0x00000000a2a00000| Complete 
| 555|0x00000000a2b00000, 0x00000000a2c00000, 0x00000000a2c00000|100%| E|CS|TAMS 0x00000000a2b00000| PB 0x00000000a2b00000| Complete 
| 556|0x00000000a2c00000, 0x00000000a2d00000, 0x00000000a2d00000|100%| E|CS|TAMS 0x00000000a2c00000| PB 0x00000000a2c00000| Complete 
| 557|0x00000000a2d00000, 0x00000000a2e00000, 0x00000000a2e00000|100%| E|CS|TAMS 0x00000000a2d00000| PB 0x00000000a2d00000| Complete 
| 558|0x00000000a2e00000, 0x00000000a2f00000, 0x00000000a2f00000|100%| E|CS|TAMS 0x00000000a2e00000| PB 0x00000000a2e00000| Complete 
| 559|0x00000000a2f00000, 0x00000000a3000000, 0x00000000a3000000|100%| E|CS|TAMS 0x00000000a2f00000| PB 0x00000000a2f00000| Complete 
| 560|0x00000000a3000000, 0x00000000a3100000, 0x00000000a3100000|100%| E|CS|TAMS 0x00000000a3000000| PB 0x00000000a3000000| Complete 
| 561|0x00000000a3100000, 0x00000000a3200000, 0x00000000a3200000|100%| E|CS|TAMS 0x00000000a3100000| PB 0x00000000a3100000| Complete 
| 562|0x00000000a3200000, 0x00000000a3300000, 0x00000000a3300000|100%| E|CS|TAMS 0x00000000a3200000| PB 0x00000000a3200000| Complete 
| 563|0x00000000a3300000, 0x00000000a3400000, 0x00000000a3400000|100%| E|CS|TAMS 0x00000000a3300000| PB 0x00000000a3300000| Complete 
| 564|0x00000000a3400000, 0x00000000a3500000, 0x00000000a3500000|100%| E|CS|TAMS 0x00000000a3400000| PB 0x00000000a3400000| Complete 
| 565|0x00000000a3500000, 0x00000000a3600000, 0x00000000a3600000|100%| E|CS|TAMS 0x00000000a3500000| PB 0x00000000a3500000| Complete 
| 566|0x00000000a3600000, 0x00000000a3700000, 0x00000000a3700000|100%| E|CS|TAMS 0x00000000a3600000| PB 0x00000000a3600000| Complete 
| 567|0x00000000a3700000, 0x00000000a3800000, 0x00000000a3800000|100%| E|CS|TAMS 0x00000000a3700000| PB 0x00000000a3700000| Complete 
| 568|0x00000000a3800000, 0x00000000a3900000, 0x00000000a3900000|100%| E|CS|TAMS 0x00000000a3800000| PB 0x00000000a3800000| Complete 
| 569|0x00000000a3900000, 0x00000000a3a00000, 0x00000000a3a00000|100%| E|CS|TAMS 0x00000000a3900000| PB 0x00000000a3900000| Complete 
| 570|0x00000000a3a00000, 0x00000000a3b00000, 0x00000000a3b00000|100%| E|CS|TAMS 0x00000000a3a00000| PB 0x00000000a3a00000| Complete 
| 571|0x00000000a3b00000, 0x00000000a3c00000, 0x00000000a3c00000|100%| E|CS|TAMS 0x00000000a3b00000| PB 0x00000000a3b00000| Complete 
| 572|0x00000000a3c00000, 0x00000000a3d00000, 0x00000000a3d00000|100%| E|CS|TAMS 0x00000000a3c00000| PB 0x00000000a3c00000| Complete 
| 573|0x00000000a3d00000, 0x00000000a3e00000, 0x00000000a3e00000|100%| E|CS|TAMS 0x00000000a3d00000| PB 0x00000000a3d00000| Complete 
| 574|0x00000000a3e00000, 0x00000000a3f00000, 0x00000000a3f00000|100%| E|CS|TAMS 0x00000000a3e00000| PB 0x00000000a3e00000| Complete 
| 575|0x00000000a3f00000, 0x00000000a4000000, 0x00000000a4000000|100%| E|CS|TAMS 0x00000000a3f00000| PB 0x00000000a3f00000| Complete 
| 576|0x00000000a4000000, 0x00000000a4100000, 0x00000000a4100000|100%| E|CS|TAMS 0x00000000a4000000| PB 0x00000000a4000000| Complete 
| 577|0x00000000a4100000, 0x00000000a4200000, 0x00000000a4200000|100%| E|CS|TAMS 0x00000000a4100000| PB 0x00000000a4100000| Complete 
| 578|0x00000000a4200000, 0x00000000a4300000, 0x00000000a4300000|100%| E|CS|TAMS 0x00000000a4200000| PB 0x00000000a4200000| Complete 
| 579|0x00000000a4300000, 0x00000000a4400000, 0x00000000a4400000|100%| E|CS|TAMS 0x00000000a4300000| PB 0x00000000a4300000| Complete 
| 580|0x00000000a4400000, 0x00000000a4500000, 0x00000000a4500000|100%| E|CS|TAMS 0x00000000a4400000| PB 0x00000000a4400000| Complete 
| 581|0x00000000a4500000, 0x00000000a4600000, 0x00000000a4600000|100%| E|CS|TAMS 0x00000000a4500000| PB 0x00000000a4500000| Complete 
| 582|0x00000000a4600000, 0x00000000a4700000, 0x00000000a4700000|100%| E|CS|TAMS 0x00000000a4600000| PB 0x00000000a4600000| Complete 
| 583|0x00000000a4700000, 0x00000000a4800000, 0x00000000a4800000|100%| E|CS|TAMS 0x00000000a4700000| PB 0x00000000a4700000| Complete 
| 584|0x00000000a4800000, 0x00000000a4900000, 0x00000000a4900000|100%| E|CS|TAMS 0x00000000a4800000| PB 0x00000000a4800000| Complete 
| 585|0x00000000a4900000, 0x00000000a4a00000, 0x00000000a4a00000|100%| E|CS|TAMS 0x00000000a4900000| PB 0x00000000a4900000| Complete 
| 586|0x00000000a4a00000, 0x00000000a4b00000, 0x00000000a4b00000|100%| E|CS|TAMS 0x00000000a4a00000| PB 0x00000000a4a00000| Complete 
| 587|0x00000000a4b00000, 0x00000000a4c00000, 0x00000000a4c00000|100%| E|CS|TAMS 0x00000000a4b00000| PB 0x00000000a4b00000| Complete 
| 588|0x00000000a4c00000, 0x00000000a4d00000, 0x00000000a4d00000|100%| E|CS|TAMS 0x00000000a4c00000| PB 0x00000000a4c00000| Complete 
| 589|0x00000000a4d00000, 0x00000000a4dffff8, 0x00000000a4e00000| 99%| E|CS|TAMS 0x00000000a4d00000| PB 0x00000000a4d00000| Complete 
| 590|0x00000000a4e00000, 0x00000000a4f00000, 0x00000000a4f00000|100%| E|CS|TAMS 0x00000000a4e00000| PB 0x00000000a4e00000| Complete 
| 591|0x00000000a4f00000, 0x00000000a5000000, 0x00000000a5000000|100%| E|CS|TAMS 0x00000000a4f00000| PB 0x00000000a4f00000| Complete 
| 592|0x00000000a5000000, 0x00000000a5100000, 0x00000000a5100000|100%| E|CS|TAMS 0x00000000a5000000| PB 0x00000000a5000000| Complete 
| 593|0x00000000a5100000, 0x00000000a5200000, 0x00000000a5200000|100%| E|CS|TAMS 0x00000000a5100000| PB 0x00000000a5100000| Complete 
| 594|0x00000000a5200000, 0x00000000a5300000, 0x00000000a5300000|100%| E|CS|TAMS 0x00000000a5200000| PB 0x00000000a5200000| Complete 
| 595|0x00000000a5300000, 0x00000000a5400000, 0x00000000a5400000|100%| E|CS|TAMS 0x00000000a5300000| PB 0x00000000a5300000| Complete 
| 596|0x00000000a5400000, 0x00000000a5500000, 0x00000000a5500000|100%| E|CS|TAMS 0x00000000a5400000| PB 0x00000000a5400000| Complete 
| 597|0x00000000a5500000, 0x00000000a5600000, 0x00000000a5600000|100%| E|CS|TAMS 0x00000000a5500000| PB 0x00000000a5500000| Complete 
| 598|0x00000000a5600000, 0x00000000a5700000, 0x00000000a5700000|100%| E|CS|TAMS 0x00000000a5600000| PB 0x00000000a5600000| Complete 
| 599|0x00000000a5700000, 0x00000000a5800000, 0x00000000a5800000|100%| E|CS|TAMS 0x00000000a5700000| PB 0x00000000a5700000| Complete 
| 600|0x00000000a5800000, 0x00000000a5900000, 0x00000000a5900000|100%| E|CS|TAMS 0x00000000a5800000| PB 0x00000000a5800000| Complete 
| 601|0x00000000a5900000, 0x00000000a5a00000, 0x00000000a5a00000|100%| E|CS|TAMS 0x00000000a5900000| PB 0x00000000a5900000| Complete 
| 602|0x00000000a5a00000, 0x00000000a5b00000, 0x00000000a5b00000|100%| E|CS|TAMS 0x00000000a5a00000| PB 0x00000000a5a00000| Complete 
| 603|0x00000000a5b00000, 0x00000000a5c00000, 0x00000000a5c00000|100%| E|CS|TAMS 0x00000000a5b00000| PB 0x00000000a5b00000| Complete 
| 604|0x00000000a5c00000, 0x00000000a5d00000, 0x00000000a5d00000|100%| E|CS|TAMS 0x00000000a5c00000| PB 0x00000000a5c00000| Complete 
| 605|0x00000000a5d00000, 0x00000000a5e00000, 0x00000000a5e00000|100%| E|CS|TAMS 0x00000000a5d00000| PB 0x00000000a5d00000| Complete 
| 606|0x00000000a5e00000, 0x00000000a5f00000, 0x00000000a5f00000|100%| E|CS|TAMS 0x00000000a5e00000| PB 0x00000000a5e00000| Complete 
| 607|0x00000000a5f00000, 0x00000000a6000000, 0x00000000a6000000|100%| E|CS|TAMS 0x00000000a5f00000| PB 0x00000000a5f00000| Complete 
| 608|0x00000000a6000000, 0x00000000a6100000, 0x00000000a6100000|100%| E|CS|TAMS 0x00000000a6000000| PB 0x00000000a6000000| Complete 

Card table byte_map: [0x000001e0399f0000,0x000001e039df0000] _byte_map_base: 0x000001e0395f0000

Marking Bits: (CMBitMap*) 0x000001e014b94160
 Bits: [0x000001e039df0000, 0x000001e03bdf0000)

Polling page: 0x000001e013d90000

Metaspace:

Usage:
  Non-class:    371.82 MB used.
      Class:     52.90 MB used.
       Both:    424.71 MB used.

Virtual space:
  Non-class space:      384.00 MB reserved,     374.88 MB ( 98%) committed,  6 nodes.
      Class space:        1.00 GB reserved,      55.50 MB (  5%) committed,  1 nodes.
             Both:        1.38 GB reserved,     430.38 MB ( 31%) committed. 

Chunk freelists:
   Non-Class:  8.59 MB
       Class:  8.39 MB
        Both:  16.99 MB

MaxMetaspaceSize: unlimited
CompressedClassSpaceSize: 1.00 GB
Initial GC threshold: 21.00 MB
Current GC threshold: 715.75 MB
CDS: on
 - commit_granule_bytes: 65536.
 - commit_granule_words: 8192.
 - virtual_space_node_default_size: 8388608.
 - enlarge_chunks_in_place: 1.
 - use_allocation_guard: 0.


Internal statistics:

num_allocs_failed_limit: 87.
num_arena_births: 12196.
num_arena_deaths: 5064.
num_vsnodes_births: 7.
num_vsnodes_deaths: 0.
num_space_committed: 6923.
num_space_uncommitted: 21.
num_chunks_returned_to_freelist: 6238.
num_chunks_taken_from_freelist: 38618.
num_chunk_merges: 2257.
num_chunk_splits: 21203.
num_chunks_enlarged: 10169.
num_inconsistent_stats: 0.

CodeHeap 'non-profiled nmethods': size=259328Kb used=50834Kb max_used=50834Kb free=208493Kb
 bounds [0x000001e028e00000, 0x000001e02bfb0000, 0x000001e038b40000]
CodeHeap 'profiled nmethods': size=259264Kb used=113944Kb max_used=113958Kb free=145320Kb
 bounds [0x000001e018b40000, 0x000001e01fb00000, 0x000001e028870000]
CodeHeap 'non-nmethods': size=5696Kb used=3888Kb max_used=3977Kb free=1807Kb
 bounds [0x000001e028870000, 0x000001e028c70000, 0x000001e028e00000]
 total_blobs=50476 nmethods=48063 adapters=2311
 compilation: enabled
              stopped_count=0, restarted_count=0
 full_count=0

Compilation events (20 events):
Event: 906.524 Thread 0x000001e0810c35f0 92238       4       com.jetbrains.rider.editors.inlineDoc.RiderInlineDocModelAdapter::afterAdded (32 bytes)
Event: 906.524 Thread 0x000001e0810c4090 92253       1       com.jetbrains.rd.ide.model.DocRenderFoldingModel::getTextToRender (5 bytes)
Event: 906.524 Thread 0x000001e0810c4090 nmethod 92253 0x000001e029288090 code [0x000001e029288220, 0x000001e0292882e8]
Event: 906.524 Thread 0x000001e0810c35f0 nmethod 92238 0x000001e029647d10 code [0x000001e029647ec0, 0x000001e029647ff0]
Event: 906.525 Thread 0x000001e0810c35f0 92240       4       com.jetbrains.rdclient.codeVision.FrontendCodeVisionHost$subscribeForBackendEditor$1$1$1::afterAdded (62 bytes)
Event: 906.528 Thread 0x000001e0810c4090 92255       1       com.jetbrains.rdclient.daemon.highlighters.foldings.FoldingInfo::getCollapsedByDefault (5 bytes)
Event: 906.528 Thread 0x000001e0810c4090 nmethod 92255 0x000001e029287d90 code [0x000001e029287f20, 0x000001e029287ff0]
Event: 906.528 Thread 0x000001e0810c4090 92256       1       com.jetbrains.rdclient.daemon.highlighters.foldings.FrontendEditorFoldingModelAdapter::getFoldingModel (5 bytes)
Event: 906.528 Thread 0x000001e0810c4090 nmethod 92256 0x000001e029672990 code [0x000001e029672b20, 0x000001e029672be8]
Event: 906.528 Thread 0x000001e0810c4090 92257       1       com.jetbrains.rdclient.daemon.highlighters.foldings.FoldingInfo::getPlaceholderText (5 bytes)
Event: 906.528 Thread 0x000001e0810c4090 nmethod 92257 0x000001e029672690 code [0x000001e029672820, 0x000001e0296728e8]
Event: 906.528 Thread 0x000001e0810c4090 92258       1       com.jetbrains.rdclient.daemon.highlighters.foldings.FoldingInfo::getGroupId (5 bytes)
Event: 906.528 Thread 0x000001e0810c4090 nmethod 92258 0x000001e0296bff10 code [0x000001e0296c00a0, 0x000001e0296c0168]
Event: 906.528 Thread 0x000001e0810c4090 92259       3       java.lang.invoke.LambdaForm$MH/0x000001e042a48400::linkToTargetMethod (15 bytes)
Event: 906.528 Thread 0x000001e0810c4090 nmethod 92259 0x000001e01abecb10 code [0x000001e01abecce0, 0x000001e01abed0d8]
Event: 906.529 Thread 0x000001e0810c4090 92260       3       com.intellij.openapi.editor.impl.FoldRegionsTree$$Lambda/0x000001e042a44fd8::process (28 bytes)
Event: 906.529 Thread 0x000001e0810c4090 nmethod 92260 0x000001e01cee2390 code [0x000001e01cee2540, 0x000001e01cee2798]
Event: 906.529 Thread 0x000001e0810c4090 92261       3       com.intellij.openapi.editor.impl.FoldRegionsTree::lambda$checkIfValidToCreate$1 (160 bytes)
Event: 906.530 Thread 0x000001e0810c4090 nmethod 92261 0x000001e0195bca90 code [0x000001e0195bcd60, 0x000001e0195be3c0]
Event: 906.530 Thread 0x000001e0810c4090 92263       3       com.jetbrains.rdclient.daemon.highlighters.foldings.FrontendCodeFoldingModelSupport$MyFoldingListener::onFoldRegionStateChange (20 bytes)

GC Heap History (20 events):
Event: 867.828 GC heap before
{Heap before GC invocations=286 (full 8):
 garbage-first heap   total 587776K, used 525783K [0x0000000080000000, 0x0000000100000000)
  region size 1024K, 170 young (174080K), 13 survivors (13312K)
 Metaspace       used 433754K, committed 439616K, reserved 1441792K
  class space    used 54092K, committed 56768K, reserved 1048576K
}
Event: 867.840 GC heap after
{Heap after GC invocations=287 (full 8):
 garbage-first heap   total 587776K, used 366550K [0x0000000080000000, 0x0000000100000000)
  region size 1024K, 16 young (16384K), 16 survivors (16384K)
 Metaspace       used 433754K, committed 439616K, reserved 1441792K
  class space    used 54092K, committed 56768K, reserved 1048576K
}
Event: 868.833 GC heap before
{Heap before GC invocations=287 (full 8):
 garbage-first heap   total 587776K, used 463830K [0x0000000080000000, 0x0000000100000000)
  region size 1024K, 113 young (115712K), 16 survivors (16384K)
 Metaspace       used 433761K, committed 439616K, reserved 1441792K
  class space    used 54092K, committed 56768K, reserved 1048576K
}
Event: 868.840 GC heap after
{Heap after GC invocations=288 (full 8):
 garbage-first heap   total 587776K, used 370189K [0x0000000080000000, 0x0000000100000000)
  region size 1024K, 9 young (9216K), 9 survivors (9216K)
 Metaspace       used 433761K, committed 439616K, reserved 1441792K
  class space    used 54092K, committed 56768K, reserved 1048576K
}
Event: 870.324 GC heap before
{Heap before GC invocations=289 (full 8):
 garbage-first heap   total 623616K, used 543245K [0x0000000080000000, 0x0000000100000000)
  region size 1024K, 171 young (175104K), 9 survivors (9216K)
 Metaspace       used 433814K, committed 439680K, reserved 1441792K
  class space    used 54099K, committed 56768K, reserved 1048576K
}
Event: 870.332 GC heap after
{Heap after GC invocations=290 (full 8):
 garbage-first heap   total 623616K, used 387597K [0x0000000080000000, 0x0000000100000000)
  region size 1024K, 18 young (18432K), 18 survivors (18432K)
 Metaspace       used 433814K, committed 439680K, reserved 1441792K
  class space    used 54099K, committed 56768K, reserved 1048576K
}
Event: 873.300 GC heap before
{Heap before GC invocations=290 (full 8):
 garbage-first heap   total 623616K, used 568845K [0x0000000080000000, 0x0000000100000000)
  region size 1024K, 192 young (196608K), 18 survivors (18432K)
 Metaspace       used 433918K, committed 439744K, reserved 1441792K
  class space    used 54105K, committed 56768K, reserved 1048576K
}
Event: 873.306 GC heap after
{Heap after GC invocations=291 (full 8):
 garbage-first heap   total 623616K, used 371445K [0x0000000080000000, 0x0000000100000000)
  region size 1024K, 9 young (9216K), 9 survivors (9216K)
 Metaspace       used 433918K, committed 439744K, reserved 1441792K
  class space    used 54105K, committed 56768K, reserved 1048576K
}
Event: 873.935 GC heap before
{Heap before GC invocations=291 (full 8):
 garbage-first heap   total 623616K, used 414453K [0x0000000080000000, 0x0000000100000000)
  region size 1024K, 53 young (54272K), 9 survivors (9216K)
 Metaspace       used 433939K, committed 439744K, reserved 1441792K
  class space    used 54105K, committed 56768K, reserved 1048576K
}
Event: 873.940 GC heap after
{Heap after GC invocations=292 (full 8):
 garbage-first heap   total 623616K, used 363340K [0x0000000080000000, 0x0000000100000000)
  region size 1024K, 5 young (5120K), 5 survivors (5120K)
 Metaspace       used 433939K, committed 439744K, reserved 1441792K
  class space    used 54105K, committed 56768K, reserved 1048576K
}
Event: 879.206 GC heap before
{Heap before GC invocations=293 (full 8):
 garbage-first heap   total 623616K, used 538704K [0x0000000080000000, 0x0000000100000000)
  region size 1024K, 184 young (188416K), 5 survivors (5120K)
 Metaspace       used 433979K, committed 439808K, reserved 1441792K
  class space    used 54106K, committed 56768K, reserved 1048576K
}
Event: 879.210 GC heap after
{Heap after GC invocations=294 (full 8):
 garbage-first heap   total 623616K, used 356877K [0x0000000080000000, 0x0000000100000000)
  region size 1024K, 6 young (6144K), 6 survivors (6144K)
 Metaspace       used 433979K, committed 439808K, reserved 1441792K
  class space    used 54106K, committed 56768K, reserved 1048576K
}
Event: 896.552 GC heap before
{Heap before GC invocations=294 (full 8):
 garbage-first heap   total 623616K, used 556557K [0x0000000080000000, 0x0000000100000000)
  region size 1024K, 199 young (203776K), 6 survivors (6144K)
 Metaspace       used 434014K, committed 439808K, reserved 1441792K
  class space    used 54107K, committed 56768K, reserved 1048576K
}
Event: 896.556 GC heap after
{Heap after GC invocations=295 (full 8):
 garbage-first heap   total 623616K, used 347034K [0x0000000080000000, 0x0000000100000000)
  region size 1024K, 6 young (6144K), 6 survivors (6144K)
 Metaspace       used 434014K, committed 439808K, reserved 1441792K
  class space    used 54107K, committed 56768K, reserved 1048576K
}
Event: 897.542 GC heap before
{Heap before GC invocations=295 (full 8):
 garbage-first heap   total 623616K, used 375706K [0x0000000080000000, 0x0000000100000000)
  region size 1024K, 35 young (35840K), 6 survivors (6144K)
 Metaspace       used 434023K, committed 439808K, reserved 1441792K
  class space    used 54107K, committed 56768K, reserved 1048576K
}
Event: 897.546 GC heap after
{Heap after GC invocations=296 (full 8):
 garbage-first heap   total 623616K, used 343354K [0x0000000080000000, 0x0000000100000000)
  region size 1024K, 6 young (6144K), 6 survivors (6144K)
 Metaspace       used 434023K, committed 439808K, reserved 1441792K
  class space    used 54107K, committed 56768K, reserved 1048576K
}
Event: 902.598 GC heap before
{Heap before GC invocations=297 (full 8):
 garbage-first heap   total 623616K, used 573754K [0x0000000080000000, 0x0000000100000000)
  region size 1024K, 227 young (232448K), 6 survivors (6144K)
 Metaspace       used 434081K, committed 439936K, reserved 1441792K
  class space    used 54108K, committed 56768K, reserved 1048576K
}
Event: 902.601 GC heap after
{Heap after GC invocations=298 (full 8):
 garbage-first heap   total 623616K, used 348734K [0x0000000080000000, 0x0000000100000000)
  region size 1024K, 6 young (6144K), 6 survivors (6144K)
 Metaspace       used 434081K, committed 439936K, reserved 1441792K
  class space    used 54108K, committed 56768K, reserved 1048576K
}
Event: 906.202 GC heap before
{Heap before GC invocations=298 (full 8):
 garbage-first heap   total 623616K, used 583230K [0x0000000080000000, 0x0000000100000000)
  region size 1024K, 230 young (235520K), 6 survivors (6144K)
 Metaspace       used 434785K, committed 440576K, reserved 1441792K
  class space    used 54162K, committed 56832K, reserved 1048576K
}
Event: 906.208 GC heap after
{Heap after GC invocations=299 (full 8):
 garbage-first heap   total 623616K, used 349304K [0x0000000080000000, 0x0000000100000000)
  region size 1024K, 11 young (11264K), 11 survivors (11264K)
 Metaspace       used 434785K, committed 440576K, reserved 1441792K
  class space    used 54162K, committed 56832K, reserved 1048576K
}

Dll operation events (3 events):
Event: 0.042 Loaded shared library D:\Programs\JetBrains\Rider2025.2\jbr\bin\java.dll
Event: 0.055 Loaded shared library D:\Programs\JetBrains\Rider2025.2\jbr\bin\zip.dll
Event: 0.836 Loaded shared library D:\Programs\JetBrains\Rider2025.2\jbr\bin\verify.dll

Deoptimization events (20 events):
Event: 906.429 Thread 0x000001e0b08c0650 Uncommon trap: trap_request=0xffffffc6 fr.pc=0x000001e02a2334b8 relative=0x0000000000000418
Event: 906.429 Thread 0x000001e0b08c0650 Uncommon trap: reason=bimorphic_or_optimized_type_check action=maybe_recompile pc=0x000001e02a2334b8 method=com.jetbrains.rider.spellChecker.RiderFrontendInspectionTargetsService$DocumentTargets.c(Lcom/intellij/openapi/util/Segment;Lcom/intellij/openapi/u
Event: 906.429 Thread 0x000001e0b08c0650 DEOPT PACKING pc=0x000001e02a2334b8 sp=0x00000015103fdee0
Event: 906.429 Thread 0x000001e0b08c0650 DEOPT UNPACKING pc=0x000001e0288c46a2 sp=0x00000015103fdd30 mode 2
Event: 906.429 Thread 0x000001e0b08c0650 Uncommon trap: trap_request=0xffffffc6 fr.pc=0x000001e02a2334b8 relative=0x0000000000000418
Event: 906.429 Thread 0x000001e0b08c0650 Uncommon trap: reason=bimorphic_or_optimized_type_check action=maybe_recompile pc=0x000001e02a2334b8 method=com.jetbrains.rider.spellChecker.RiderFrontendInspectionTargetsService$DocumentTargets.c(Lcom/intellij/openapi/util/Segment;Lcom/intellij/openapi/u
Event: 906.429 Thread 0x000001e0b08c0650 DEOPT PACKING pc=0x000001e02a2334b8 sp=0x00000015103fdee0
Event: 906.429 Thread 0x000001e0b08c0650 DEOPT UNPACKING pc=0x000001e0288c46a2 sp=0x00000015103fdd30 mode 2
Event: 906.429 Thread 0x000001e0b08c0650 Uncommon trap: trap_request=0xffffffc6 fr.pc=0x000001e02a2334b8 relative=0x0000000000000418
Event: 906.429 Thread 0x000001e0b08c0650 Uncommon trap: reason=bimorphic_or_optimized_type_check action=maybe_recompile pc=0x000001e02a2334b8 method=com.jetbrains.rider.spellChecker.RiderFrontendInspectionTargetsService$DocumentTargets.c(Lcom/intellij/openapi/util/Segment;Lcom/intellij/openapi/u
Event: 906.429 Thread 0x000001e0b08c0650 DEOPT PACKING pc=0x000001e02a2334b8 sp=0x00000015103fdee0
Event: 906.429 Thread 0x000001e0b08c0650 DEOPT UNPACKING pc=0x000001e0288c46a2 sp=0x00000015103fdd30 mode 2
Event: 906.429 Thread 0x000001e0b08c0650 Uncommon trap: trap_request=0xffffffc6 fr.pc=0x000001e02a2334b8 relative=0x0000000000000418
Event: 906.429 Thread 0x000001e0b08c0650 Uncommon trap: reason=bimorphic_or_optimized_type_check action=maybe_recompile pc=0x000001e02a2334b8 method=com.jetbrains.rider.spellChecker.RiderFrontendInspectionTargetsService$DocumentTargets.c(Lcom/intellij/openapi/util/Segment;Lcom/intellij/openapi/u
Event: 906.429 Thread 0x000001e0b08c0650 DEOPT PACKING pc=0x000001e02a2334b8 sp=0x00000015103fdee0
Event: 906.430 Thread 0x000001e0b08c0650 DEOPT UNPACKING pc=0x000001e0288c46a2 sp=0x00000015103fdd30 mode 2
Event: 906.472 Thread 0x000001e0b6eb67c0 Uncommon trap: trap_request=0xffffff45 fr.pc=0x000001e0299074b0 relative=0x0000000000001610
Event: 906.472 Thread 0x000001e0b6eb67c0 Uncommon trap: reason=unstable_if action=reinterpret pc=0x000001e0299074b0 method=kotlinx.coroutines.scheduling.CoroutineScheduler$Worker.tryPark()V @ 40 c2
Event: 906.472 Thread 0x000001e0b6eb67c0 DEOPT PACKING pc=0x000001e0299074b0 sp=0x00000015173ff340
Event: 906.472 Thread 0x000001e0b6eb67c0 DEOPT UNPACKING pc=0x000001e0288c46a2 sp=0x00000015173ff2c0 mode 2

Classes loaded (20 events):
Event: 905.822 Loading class com/intellij/psi/impl/source/tree/injected/CommentLiteralEscaper
Event: 905.822 Loading class com/intellij/psi/impl/source/tree/injected/CommentLiteralEscaper done
Event: 905.827 Loading class com/jetbrains/rider/languages/fileTypes/csharp/psi/impl/CSharpExpressionImpl
Event: 905.828 Loading class com/jetbrains/rider/languages/fileTypes/csharp/psi/impl/CSharpExpressionImpl done
Event: 906.110 Loading class com/intellij/ui/EditorNotificationPanel$MyIntentionAction
Event: 906.110 Loading class com/intellij/ui/EditorNotificationPanel$MyIntentionAction done
Event: 906.184 Loading class com/intellij/openapi/editor/impl/stickyLines/VisualStickyLine
Event: 906.184 Loading class com/intellij/openapi/editor/impl/stickyLines/VisualStickyLine done
Event: 906.185 Loading class com/intellij/openapi/editor/impl/stickyLines/ui/StickyLineComponent$StickyMouseListener
Event: 906.185 Loading class com/intellij/openapi/editor/impl/stickyLines/ui/StickyLineComponent$StickyMouseListener done
Event: 906.331 Loading class com/jetbrains/rd/ide/model/DocRenderHighlighterModel$Companion
Event: 906.331 Loading class com/jetbrains/rd/ide/model/DocRenderHighlighterModel$Companion done
Event: 906.332 Loading class com/jetbrains/rd/ide/model/IdeaIconModel
Event: 906.332 Loading class com/jetbrains/rd/ide/model/IdeaIconModel done
Event: 906.333 Loading class com/jetbrains/rd/ide/model/IdeaIconModel$Companion
Event: 906.333 Loading class com/jetbrains/rd/ide/model/IdeaIconModel$Companion done
Event: 906.334 Loading class com/jetbrains/rd/ide/model/DocRenderFoldingModel$Companion
Event: 906.334 Loading class com/jetbrains/rd/ide/model/DocRenderFoldingModel$Companion done
Event: 906.526 Loading class com/intellij/codeInsight/folding/impl/CollapseExpandDocCommentsHandler
Event: 906.526 Loading class com/intellij/codeInsight/folding/impl/CollapseExpandDocCommentsHandler done

Classes unloaded (20 events):
Event: 779.308 Thread 0x000001e03e505bc0 Unloading class 0x000001e0410bd000 'java/lang/invoke/LambdaForm$MH+0x000001e0410bd000'
Event: 804.814 Thread 0x000001e03e505bc0 Unloading class 0x000001e044722000 'java/lang/invoke/LambdaForm$MH+0x000001e044722000'
Event: 804.814 Thread 0x000001e03e505bc0 Unloading class 0x000001e04470d400 'java/lang/invoke/LambdaForm$MH+0x000001e04470d400'
Event: 804.814 Thread 0x000001e03e505bc0 Unloading class 0x000001e04470c000 'java/lang/invoke/LambdaForm$MH+0x000001e04470c000'
Event: 804.814 Thread 0x000001e03e505bc0 Unloading class 0x000001e044692c00 'java/lang/invoke/LambdaForm$MH+0x000001e044692c00'
Event: 804.814 Thread 0x000001e03e505bc0 Unloading class 0x000001e044654800 'java/lang/invoke/LambdaForm$MH+0x000001e044654800'
Event: 804.814 Thread 0x000001e03e505bc0 Unloading class 0x000001e0446e6c00 'java/lang/invoke/LambdaForm$MH+0x000001e0446e6c00'
Event: 804.814 Thread 0x000001e03e505bc0 Unloading class 0x000001e0440b0400 'java/lang/invoke/LambdaForm$MH+0x000001e0440b0400'
Event: 804.814 Thread 0x000001e03e505bc0 Unloading class 0x000001e0446e4c00 'java/lang/invoke/LambdaForm$MH+0x000001e0446e4c00'
Event: 804.814 Thread 0x000001e03e505bc0 Unloading class 0x000001e0446dcc00 'java/lang/invoke/LambdaForm$MH+0x000001e0446dcc00'
Event: 804.814 Thread 0x000001e03e505bc0 Unloading class 0x000001e0446da800 'java/lang/invoke/LambdaForm$MH+0x000001e0446da800'
Event: 804.814 Thread 0x000001e03e505bc0 Unloading class 0x000001e0446da400 'java/lang/invoke/LambdaForm$MH+0x000001e0446da400'
Event: 804.814 Thread 0x000001e03e505bc0 Unloading class 0x000001e0446da000 'java/lang/invoke/LambdaForm$MH+0x000001e0446da000'
Event: 804.814 Thread 0x000001e03e505bc0 Unloading class 0x000001e044440400 'java/lang/invoke/LambdaForm$MH+0x000001e044440400'
Event: 804.814 Thread 0x000001e03e505bc0 Unloading class 0x000001e04426f400 'java/lang/invoke/LambdaForm$MH+0x000001e04426f400'
Event: 804.814 Thread 0x000001e03e505bc0 Unloading class 0x000001e044512800 'java/lang/invoke/LambdaForm$MH+0x000001e044512800'
Event: 804.814 Thread 0x000001e03e505bc0 Unloading class 0x000001e044505800 'java/lang/invoke/LambdaForm$MH+0x000001e044505800'
Event: 804.814 Thread 0x000001e03e505bc0 Unloading class 0x000001e04450e800 'java/lang/invoke/LambdaForm$MH+0x000001e04450e800'
Event: 804.814 Thread 0x000001e03e505bc0 Unloading class 0x000001e044272400 'java/lang/invoke/LambdaForm$MH+0x000001e044272400'
Event: 847.690 Thread 0x000001e03e505bc0 Unloading class 0x000001e044729000 'java/lang/invoke/LambdaForm$MH+0x000001e044729000'

Classes redefined (8 events):
Event: 0.577 Thread 0x000001e03e505bc0 redefined class name=java.math.BigInteger, count=1
Event: 0.588 Thread 0x000001e03e505bc0 redefined class name=java.net.InetAddress, count=1
Event: 0.593 Thread 0x000001e03e505bc0 redefined class name=sun.management.RuntimeImpl, count=1
Event: 0.599 Thread 0x000001e03e505bc0 redefined class name=sun.management.VMManagementImpl, count=1
Event: 0.606 Thread 0x000001e03e505bc0 redefined class name=java.lang.reflect.Method, count=1
Event: 0.615 Thread 0x000001e03e505bc0 redefined class name=java.lang.System, count=1
Event: 0.639 Thread 0x000001e03e505bc0 redefined class name=java.lang.ClassLoader, count=1
Event: 0.661 Thread 0x000001e03e505bc0 redefined class name=java.lang.Class, count=1

Internal exceptions (20 events):
Event: 890.720 Thread 0x000001e14fe5ec60 Exception <a 'java/net/ConnectException'{0x000000009ae39ae0}: Connection refused: connect> (0x000000009ae39ae0) 
thrown [s\src\hotspot\share\prims\jni.cpp, line 572]
Event: 890.720 Thread 0x000001e14fe61a50 Exception <a 'java/net/ConnectException'{0x000000009ae3a538}: Connection refused: connect> (0x000000009ae3a538) 
thrown [s\src\hotspot\share\prims\jni.cpp, line 572]
Event: 895.727 Thread 0x000001e0b6ecc4a0 Exception <a 'sun/nio/fs/WindowsException'{0x000000009a84f5f8}> (0x000000009a84f5f8) 
thrown [s\src\hotspot\share\prims\jni.cpp, line 537]
Event: 895.727 Thread 0x000001e0b5a26bc0 Exception <a 'sun/nio/fs/WindowsException'{0x000000009a87ccc0}> (0x000000009a87ccc0) 
thrown [s\src\hotspot\share\prims\jni.cpp, line 537]
Event: 895.727 Thread 0x000001e14fe5ec60 Exception <a 'java/net/ConnectException'{0x000000009a87f610}: Connection refused: connect> (0x000000009a87f610) 
thrown [s\src\hotspot\share\prims\jni.cpp, line 572]
Event: 895.727 Thread 0x000001e14fe61a50 Exception <a 'java/net/ConnectException'{0x000000009a87ebd0}: Connection refused: connect> (0x000000009a87ebd0) 
thrown [s\src\hotspot\share\prims\jni.cpp, line 572]
Event: 900.740 Thread 0x000001e0b299d7d0 Exception <a 'sun/nio/fs/WindowsException'{0x000000009c7e5470}> (0x000000009c7e5470) 
thrown [s\src\hotspot\share\prims\jni.cpp, line 537]
Event: 900.740 Thread 0x000001e131529130 Exception <a 'sun/nio/fs/WindowsException'{0x000000009c69a688}> (0x000000009c69a688) 
thrown [s\src\hotspot\share\prims\jni.cpp, line 537]
Event: 900.741 Thread 0x000001e14fe5ec60 Exception <a 'java/net/ConnectException'{0x000000009c6b4818}: Connection refused: connect> (0x000000009c6b4818) 
thrown [s\src\hotspot\share\prims\jni.cpp, line 572]
Event: 900.741 Thread 0x000001e14fe61a50 Exception <a 'java/net/ConnectException'{0x000000009c6b3da8}: Connection refused: connect> (0x000000009c6b3da8) 
thrown [s\src\hotspot\share\prims\jni.cpp, line 572]
Event: 902.242 Thread 0x000001e0b299eb80 Exception <a 'sun/nio/fs/WindowsException'{0x0000000098fbd838}> (0x0000000098fbd838) 
thrown [s\src\hotspot\share\prims\jni.cpp, line 537]
Event: 905.296 Thread 0x000001e0b08c0650 Exception <a 'java/lang/NoSuchMethodError'{0x000000009ff69e10}: 'void com.jetbrains.rider.actions.impl.RiderTestToolWindowDetector.<init>(com.intellij.openapi.project.Project)'> (0x000000009ff69e10) 
thrown [s\src\hotspot\share\interpreter\linkResolver.cpp, line 784]
Event: 905.296 Thread 0x000001e0b08c0650 Exception <a 'java/lang/NoSuchMethodError'{0x000000009ff6b938}: 'void com.jetbrains.rider.actions.impl.RiderTestToolWindowDetector.<init>(com.intellij.openapi.project.Project, kotlinx.coroutines.CoroutineScope)'> (0x000000009ff6b938) 
thrown [s\src\hotspot\share\interpreter\linkResolver.cpp, line 784]
Event: 905.296 Thread 0x000001e0b08c0650 Exception <a 'java/lang/NoSuchMethodError'{0x000000009ff6d470}: 'void com.jetbrains.rider.actions.impl.RiderTestToolWindowDetector.<init>(kotlinx.coroutines.CoroutineScope)'> (0x000000009ff6d470) 
thrown [s\src\hotspot\share\interpreter\linkResolver.cpp, line 784]
Event: 905.754 Thread 0x000001e131526340 Exception <a 'sun/nio/fs/WindowsException'{0x00000000a1ed2f28}> (0x00000000a1ed2f28) 
thrown [s\src\hotspot\share\prims\jni.cpp, line 537]
Event: 905.754 Thread 0x000001e0b180b4c0 Exception <a 'sun/nio/fs/WindowsException'{0x000000009d41d808}> (0x000000009d41d808) 
thrown [s\src\hotspot\share\prims\jni.cpp, line 537]
Event: 905.755 Thread 0x000001e14fe61a50 Exception <a 'java/net/ConnectException'{0x000000009d113de0}: Connection refused: connect> (0x000000009d113de0) 
thrown [s\src\hotspot\share\prims\jni.cpp, line 572]
Event: 905.755 Thread 0x000001e14fe5ec60 Exception <a 'java/net/ConnectException'{0x000000009d114850}: Connection refused: connect> (0x000000009d114850) 
thrown [s\src\hotspot\share\prims\jni.cpp, line 572]
Event: 905.845 Thread 0x000001e0b08c0650 Implicit null exception at 0x000001e02aadb5ec to 0x000001e02aadb63c
Event: 906.530 Thread 0x000001e0b6ecc4a0 Implicit null exception at 0x000001e02954d44e to 0x0000000000000000

ZGC Phase Switch (0 events):
No events

VM Operations (20 events):
Event: 898.739 Executing VM operation: Cleanup
Event: 898.739 Executing VM operation: Cleanup done
Event: 899.740 Executing VM operation: Cleanup
Event: 899.740 Executing VM operation: Cleanup done
Event: 900.740 Executing VM operation: Cleanup
Event: 900.740 Executing VM operation: Cleanup done
Event: 901.754 Executing VM operation: Cleanup
Event: 901.754 Executing VM operation: Cleanup done
Event: 902.379 Executing VM operation: HandshakeAllThreads (HandshakeForDeflation)
Event: 902.379 Executing VM operation: HandshakeAllThreads (HandshakeForDeflation) done
Event: 902.379 Executing VM operation: RendezvousGCThreads
Event: 902.379 Executing VM operation: RendezvousGCThreads done
Event: 902.598 Executing VM operation: G1CollectForAllocation (G1 Evacuation Pause)
Event: 902.601 Executing VM operation: G1CollectForAllocation (G1 Evacuation Pause) done
Event: 903.607 Executing VM operation: Cleanup
Event: 903.607 Executing VM operation: Cleanup done
Event: 905.626 Executing VM operation: Cleanup
Event: 905.626 Executing VM operation: Cleanup done
Event: 906.202 Executing VM operation: G1CollectForAllocation (G1 Evacuation Pause)
Event: 906.208 Executing VM operation: G1CollectForAllocation (G1 Evacuation Pause) done

Memory protections (0 events):
No events

Nmethod flushes (20 events):
Event: 897.691 Thread 0x000001e03e505bc0 flushing  nmethod 0x000001e01b4adc90
Event: 897.691 Thread 0x000001e03e505bc0 flushing  nmethod 0x000001e01b4f4590
Event: 897.691 Thread 0x000001e03e505bc0 flushing  nmethod 0x000001e01b697710
Event: 897.691 Thread 0x000001e03e505bc0 flushing  nmethod 0x000001e01b84c190
Event: 897.691 Thread 0x000001e03e505bc0 flushing  nmethod 0x000001e01b84d090
Event: 897.691 Thread 0x000001e03e505bc0 flushing  nmethod 0x000001e01b8db790
Event: 897.691 Thread 0x000001e03e505bc0 flushing  nmethod 0x000001e01b971190
Event: 897.691 Thread 0x000001e03e505bc0 flushing  nmethod 0x000001e01bea4f10
Event: 897.691 Thread 0x000001e03e505bc0 flushing  nmethod 0x000001e01bf12290
Event: 897.691 Thread 0x000001e03e505bc0 flushing  nmethod 0x000001e01c338690
Event: 897.691 Thread 0x000001e03e505bc0 flushing  nmethod 0x000001e01c33b910
Event: 897.691 Thread 0x000001e03e505bc0 flushing  nmethod 0x000001e01c3c8710
Event: 897.691 Thread 0x000001e03e505bc0 flushing  nmethod 0x000001e01c670310
Event: 897.691 Thread 0x000001e03e505bc0 flushing  nmethod 0x000001e01c74a890
Event: 897.691 Thread 0x000001e03e505bc0 flushing  nmethod 0x000001e01cc7d090
Event: 897.691 Thread 0x000001e03e505bc0 flushing  nmethod 0x000001e01cdc1590
Event: 897.691 Thread 0x000001e03e505bc0 flushing  nmethod 0x000001e01d908b10
Event: 897.691 Thread 0x000001e03e505bc0 flushing  nmethod 0x000001e01d90e890
Event: 897.691 Thread 0x000001e03e505bc0 flushing  nmethod 0x000001e01d9dd310
Event: 897.691 Thread 0x000001e03e505bc0 flushing  nmethod 0x000001e01dadaa10

Events (20 events):
Event: 773.909 Thread 0x000001e0c9f90470 Thread exited: 0x000001e0c9f90470
Event: 773.909 Thread 0x000001e0b9b5ef20 Thread exited: 0x000001e0b9b5ef20
Event: 776.556 Thread 0x000001e12b7ba6e0 Thread exited: 0x000001e12b7ba6e0
Event: 789.348 Thread 0x000001e0b3e58c70 Thread added: 0x000001e0cc08fe10
Event: 789.697 Thread 0x000001e0b08c0650 Thread added: 0x000001e1578b8b30
Event: 809.725 Thread 0x000001e1578b8b30 Thread exited: 0x000001e1578b8b30
Event: 841.234 Thread 0x000001e0b08c0650 Thread added: 0x000001e133930c00
Event: 841.258 Thread 0x000001e0b08c0650 Thread added: 0x000001e133931290
Event: 841.514 Thread 0x000001e0b5996a60 Thread added: 0x000001e0b8ae0e70
Event: 841.514 Thread 0x000001e0b5996a60 Thread added: 0x000001e15d370f00
Event: 841.514 Thread 0x000001e0b5996a60 Thread added: 0x000001e15d373660
Event: 846.706 Thread 0x000001e133931290 Thread exited: 0x000001e133931290
Event: 846.754 Thread 0x000001e133930c00 Thread exited: 0x000001e133930c00
Event: 859.602 Thread 0x000001e1023dfb00 Thread added: 0x000001e157866160
Event: 901.522 Thread 0x000001e132e72a90 Thread exited: 0x000001e132e72a90
Event: 901.522 Thread 0x000001e134d656f0 Thread exited: 0x000001e134d656f0
Event: 901.522 Thread 0x000001e132e737b0 Thread exited: 0x000001e132e737b0
Event: 902.035 Thread 0x000001e15d373660 Thread exited: 0x000001e15d373660
Event: 902.035 Thread 0x000001e15d370f00 Thread exited: 0x000001e15d370f00
Event: 902.035 Thread 0x000001e0b8ae0e70 Thread exited: 0x000001e0b8ae0e70


Dynamic libraries:
0x00007ff6f7420000 - 0x00007ff6f7595000 	D:\Programs\JetBrains\Rider2025.2\bin\rider64.exe
0x00007ffac8a40000 - 0x00007ffac8ca8000 	C:\Windows\SYSTEM32\ntdll.dll
0x00007ffac87b0000 - 0x00007ffac8879000 	C:\Windows\System32\KERNEL32.DLL
0x00007ffac62c0000 - 0x00007ffac66aa000 	C:\Windows\System32\KERNELBASE.dll
0x00007ffac72b0000 - 0x00007ffac7388000 	C:\Windows\System32\oleaut32.dll
0x00007ffac5ed0000 - 0x00007ffac5f73000 	C:\Windows\System32\msvcp_win.dll
0x00007ffac5f80000 - 0x00007ffac60cb000 	C:\Windows\System32\ucrtbase.dll
0x00007ffac7500000 - 0x00007ffac787e000 	C:\Windows\System32\combase.dll
0x00007ffac6cf0000 - 0x00007ffac6e08000 	C:\Windows\System32\RPCRT4.dll
0x00007ffac6e10000 - 0x00007ffac6fd5000 	C:\Windows\System32\user32.dll
0x00007ffac67e0000 - 0x00007ffac6807000 	C:\Windows\System32\win32u.dll
0x00007ffac6ff0000 - 0x00007ffac701b000 	C:\Windows\System32\GDI32.dll
0x00007ffac66b0000 - 0x00007ffac67dd000 	C:\Windows\System32\gdi32full.dll
0x00007ffac7890000 - 0x00007ffac7fd7000 	C:\Windows\System32\shell32.dll
0x00007ffac5d60000 - 0x00007ffac5ecc000 	C:\Windows\System32\wintypes.dll
0x00007ffac8900000 - 0x00007ffac89b4000 	C:\Windows\System32\advapi32.dll
0x00007ffac4fe0000 - 0x00007ffac500b000 	C:\Windows\SYSTEM32\userenv.dll
0x00007ffac85b0000 - 0x00007ffac8659000 	C:\Windows\System32\msvcrt.dll
0x00007ffac86d0000 - 0x00007ffac8776000 	C:\Windows\System32\sechost.dll
0x00007ffac6220000 - 0x00007ffac62b9000 	C:\Windows\System32\bcryptprimitives.dll
0x00007ffabcd20000 - 0x00007ffabcd55000 	C:\Windows\SYSTEM32\WINMM.dll
0x00007ffac33f0000 - 0x00007ffac3632000 	C:\Windows\SYSTEM32\dbghelp.dll
0x00007ffac89c0000 - 0x00007ffac89ef000 	C:\Windows\System32\IMM32.DLL
0x00007ffac3860000 - 0x00007ffac40ba000 	C:\Windows\SYSTEM32\windows.storage.dll
0x00007ffac8220000 - 0x00007ffac830f000 	C:\Windows\System32\SHCORE.dll
0x00007ffac8660000 - 0x00007ffac86c3000 	C:\Windows\System32\shlwapi.dll
0x00007ffac5b00000 - 0x00007ffac5b28000 	C:\Windows\SYSTEM32\profapi.dll
0x00007ffac4ae0000 - 0x00007ffac4b16000 	C:\Windows\SYSTEM32\ntmarta.dll
0x00007ffa4a6c0000 - 0x00007ffa4b484000 	D:\Programs\JetBrains\Rider2025.2\jbr\bin\server\jvm.dll
0x00007ffac7230000 - 0x00007ffac72a4000 	C:\Windows\System32\WS2_32.dll
0x00007ffac5a60000 - 0x00007ffac5abe000 	C:\Windows\SYSTEM32\POWRPROF.dll
0x00007ffabde50000 - 0x00007ffabde5b000 	C:\Windows\SYSTEM32\VERSION.dll
0x00007ffa8f220000 - 0x00007ffa8f23b000 	D:\Programs\JetBrains\Rider2025.2\jbr\bin\VCRUNTIME140.dll
0x00007ffa91a20000 - 0x00007ffa91a2c000 	D:\Programs\JetBrains\Rider2025.2\jbr\bin\VCRUNTIME140_1.dll
0x00007ffac5a40000 - 0x00007ffac5a54000 	C:\Windows\SYSTEM32\UMPDC.dll
0x00007ffa8f210000 - 0x00007ffa8f21a000 	D:\Programs\JetBrains\Rider2025.2\jbr\bin\jimage.dll
0x00007ffaad420000 - 0x00007ffaad45c000 	C:\Windows\SYSTEM32\dbgcore.DLL
0x00007ffa8f200000 - 0x00007ffa8f20e000 	D:\Programs\JetBrains\Rider2025.2\jbr\bin\instrument.dll
0x00007ffa8f1e0000 - 0x00007ffa8f200000 	D:\Programs\JetBrains\Rider2025.2\jbr\bin\java.dll
0x00007ffa8f1c0000 - 0x00007ffa8f1d8000 	D:\Programs\JetBrains\Rider2025.2\jbr\bin\jli.dll
0x00007ffaa8b20000 - 0x00007ffaa8bd4000 	C:\Windows\WinSxS\amd64_microsoft.windows.common-controls_6595b64144ccf1df_5.82.26100.5582_none_87f04b817a2baa74\COMCTL32.dll
0x00007ffa8f1a0000 - 0x00007ffa8f1b8000 	D:\Programs\JetBrains\Rider2025.2\jbr\bin\zip.dll
0x00007ffac49c0000 - 0x00007ffac49db000 	C:\Windows\SYSTEM32\kernel.appcore.dll
0x00007ffa8f190000 - 0x00007ffa8f1a0000 	D:\Programs\JetBrains\Rider2025.2\jbr\bin\net.dll
0x00007ffabf950000 - 0x00007ffabfa6e000 	C:\Windows\SYSTEM32\WINHTTP.dll
0x00007ffac4f40000 - 0x00007ffac4fab000 	C:\Windows\system32\mswsock.dll
0x00007ffa8f170000 - 0x00007ffa8f186000 	D:\Programs\JetBrains\Rider2025.2\jbr\bin\nio.dll
0x00007ffa8f160000 - 0x00007ffa8f169000 	D:\Programs\JetBrains\Rider2025.2\jbr\bin\management.dll
0x00007ffa8f150000 - 0x00007ffa8f15b000 	D:\Programs\JetBrains\Rider2025.2\jbr\bin\management_ext.dll
0x00007ffac8210000 - 0x00007ffac8218000 	C:\Windows\System32\PSAPI.DLL
0x00007ffaa4c10000 - 0x00007ffaa4c28000 	C:\Windows\system32\napinsp.dll
0x00007ffac4470000 - 0x00007ffac4596000 	C:\Windows\SYSTEM32\DNSAPI.dll
0x00007ffac43e0000 - 0x00007ffac4414000 	C:\Windows\SYSTEM32\IPHLPAPI.DLL
0x00007ffac6fe0000 - 0x00007ffac6fea000 	C:\Windows\System32\NSI.dll
0x00007ffaa46f0000 - 0x00007ffaa4702000 	C:\Windows\System32\winrnr.dll
0x00007ffaa46c0000 - 0x00007ffaa46e8000 	C:\Windows\system32\nlansp_c.dll
0x00007ffaa3800000 - 0x00007ffaa3820000 	C:\Windows\system32\wshbth.dll
0x00007ffabf5c0000 - 0x00007ffabf5cb000 	C:\Windows\System32\rasadhlp.dll
0x00007ffac0260000 - 0x00007ffac02e6000 	C:\Windows\System32\fwpuclnt.dll
0x00007ffa8f140000 - 0x00007ffa8f150000 	D:\Programs\JetBrains\Rider2025.2\jbr\bin\verify.dll
0x00007ffa54210000 - 0x00007ffa543a8000 	D:\Programs\JetBrains\Rider2025.2\jbr\bin\awt.dll
0x00007ffac2e00000 - 0x00007ffac2e2e000 	C:\Windows\SYSTEM32\dwmapi.dll
0x00007ffa8f0f0000 - 0x00007ffa8f134000 	D:\Programs\JetBrains\Rider2025.2\jbr\bin\nvdaControllerClient64.dll
0x00007ffa55110000 - 0x00007ffa5519d000 	D:\Programs\JetBrains\Rider2025.2\bin\MSVCP140.dll
0x00007ffac2760000 - 0x00007ffac27fe000 	C:\Windows\SYSTEM32\apphelp.dll
0x00007ffa551d0000 - 0x00007ffa551d9000 	D:\Programs\JetBrains\Rider2025.2\jbr\bin\prefs.dll
0x00007ffa551c0000 - 0x00007ffa551ce000 	D:\Programs\JetBrains\Rider2025.2\jbr\bin\sunmscapi.dll
0x00007ffac5be0000 - 0x00007ffac5d57000 	C:\Windows\System32\CRYPT32.dll
0x00007ffac5400000 - 0x00007ffac5430000 	C:\Windows\SYSTEM32\ncrypt.dll
0x00007ffac53b0000 - 0x00007ffac53ef000 	C:\Windows\SYSTEM32\NTASN1.dll
0x00007ffa72380000 - 0x00007ffa72388000 	C:\Windows\system32\wshunix.dll
0x00007ffa55100000 - 0x00007ffa55109000 	D:\Programs\JetBrains\Rider2025.2\jbr\bin\extnet.dll
0x00007ffac2b70000 - 0x00007ffac2c19000 	C:\Windows\system32\uxtheme.dll
0x00007ffac7390000 - 0x00007ffac74ea000 	C:\Windows\System32\MSCTF.dll
0x00007ffac7fe0000 - 0x00007ffac8178000 	C:\Windows\System32\ole32.dll
0x00007ffa54180000 - 0x00007ffa54207000 	D:\Programs\JetBrains\Rider2025.2\jbr\bin\freetype.dll
0x00007ffa4fe30000 - 0x00007ffa4ff0e000 	D:\Programs\JetBrains\Rider2025.2\jbr\bin\fontmanager.dll
0x00007ffac29f0000 - 0x00007ffac2a06000 	C:\Windows\system32\Wtsapi32.dll
0x00007ffac5990000 - 0x00007ffac59f3000 	C:\Windows\SYSTEM32\WINSTA.dll
0x00007ffa3d8f0000 - 0x00007ffa3da01000 	C:\Windows\system32\opengl32.dll
0x00007ffa8d410000 - 0x00007ffa8d43d000 	C:\Windows\SYSTEM32\GLU32.dll
0x00007ffac2c50000 - 0x00007ffac2c94000 	C:\Windows\SYSTEM32\dxcore.dll
0x00007ffa54620000 - 0x00007ffa54669000 	D:\Programs\JetBrains\Rider2025.2\lib\jna\amd64\jnidispatch.dll
0x00007ffac51e0000 - 0x00007ffac51fb000 	C:\Windows\SYSTEM32\CRYPTSP.dll
0x00007ffac4920000 - 0x00007ffac495b000 	C:\Windows\system32\rsaenh.dll
0x00007ffac5ad0000 - 0x00007ffac5af6000 	C:\Windows\SYSTEM32\bcrypt.dll
0x00007ffac5200000 - 0x00007ffac520c000 	C:\Windows\SYSTEM32\CRYPTBASE.dll
0x00007ffa2cd70000 - 0x00007ffa2cda8000 	D:\Programs\JetBrains\Rider2025.2\bin\WinShellIntegrationBridge.dll
0x00007ffac5250000 - 0x00007ffac5263000 	C:\Windows\SYSTEM32\MSASN1.dll
0x00007ffac7020000 - 0x00007ffac70c8000 	C:\Windows\System32\clbcatq.dll
0x00007ffaa2ef0000 - 0x00007ffaa2f9d000 	C:\Windows\System32\appresolver.dll
0x00007ffac0d80000 - 0x00007ffac0e84000 	C:\Windows\system32\propsys.dll
0x00007ffabe060000 - 0x00007ffabe0be000 	C:\Windows\System32\Bcp47Langs.dll
0x00007ffac8510000 - 0x00007ffac858a000 	C:\Windows\System32\coml2.dll
0x00007ffac5740000 - 0x00007ffac5797000 	C:\Windows\SYSTEM32\CFGMGR32.dll
0x00007ffac4fb0000 - 0x00007ffac4fd7000 	C:\Windows\SYSTEM32\gpapi.dll
0x00007ffa98ac0000 - 0x00007ffa98acf000 	C:\Windows\SYSTEM32\LINKINFO.dll
0x00007ffa99ff0000 - 0x00007ffa9a096000 	C:\Windows\SYSTEM32\ntshrui.dll
0x00007ffaacd70000 - 0x00007ffaacd99000 	C:\Windows\SYSTEM32\srvcli.dll
0x00007ffa98b20000 - 0x00007ffa98b33000 	C:\Windows\SYSTEM32\cscapi.dll
0x00007ffac2810000 - 0x00007ffac28c1000 	C:\Windows\SYSTEM32\policymanager.dll
0x00007ffaac970000 - 0x00007ffaac982000 	C:\Windows\system32\wbem\wbemprox.dll
0x00007ffab0a00000 - 0x00007ffab0a7a000 	C:\Windows\SYSTEM32\wbemcomn.dll
0x00007ffabccc0000 - 0x00007ffabccd5000 	C:\Windows\system32\wbem\wbemsvc.dll
0x00007ffaab670000 - 0x00007ffaab760000 	C:\Windows\system32\wbem\fastprox.dll
0x00007ffaabd60000 - 0x00007ffaabd7d000 	C:\Windows\SYSTEM32\amsi.dll
0x00007ffabfbe0000 - 0x00007ffabfbff000 	C:\Windows\SYSTEM32\dhcpcsvc6.DLL
0x00007ffabfa80000 - 0x00007ffabfaa5000 	C:\Windows\SYSTEM32\dhcpcsvc.DLL
0x00007ffab0a80000 - 0x00007ffab0c58000 	C:\Windows\WinSxS\amd64_microsoft.windows.gdiplus_6595b64144ccf1df_1.1.26100.5710_none_6ef2bac63dc753b6\gdiplus.dll
0x00007ffabe2b0000 - 0x00007ffabe3fa000 	C:\Windows\SYSTEM32\textinputframework.dll
0x00007ffaa6730000 - 0x00007ffaa678e000 	C:\Windows\system32\ApplicationTargetedFeatureDatabase.dll
0x00007ffab9970000 - 0x00007ffab9ba1000 	C:\Windows\System32\twinapi.appcore.dll
0x00007ffab0520000 - 0x00007ffab07b3000 	C:\Windows\WinSxS\amd64_microsoft.windows.common-controls_6595b64144ccf1df_6.0.26100.5710_none_3e07c7e0e334d9e8\comctl32.dll
0x00007ffac0b40000 - 0x00007ffac0d6e000 	C:\Windows\SYSTEM32\WindowsCodecs.dll
0x00007ffa9ca10000 - 0x00007ffa9ca6a000 	C:\Windows\system32\dataexchange.dll
0x00007ffac2320000 - 0x00007ffac2445000 	C:\Windows\SYSTEM32\CoreMessaging.dll
0x00007ffabecc0000 - 0x00007ffabefa3000 	C:\Windows\SYSTEM32\CoreUIComponents.dll
0x00007ffac57f0000 - 0x00007ffac57fa000 	C:\Windows\SYSTEM32\DPAPI.dll
0x00007ffab22b0000 - 0x00007ffab2306000 	C:\Windows\SYSTEM32\pdh.dll
0x00007ffaa1a60000 - 0x00007ffaa1a71000 	C:\Windows\System32\perfos.dll
0x00007ffac40e0000 - 0x00007ffac40f2000 	C:\Windows\SYSTEM32\pfclient.dll
0x00007ffabcc90000 - 0x00007ffabccb9000 	C:\Windows\SYSTEM32\edputil.dll
0x00007ffa9be90000 - 0x00007ffa9c14c000 	C:\Windows\system32\explorerframe.dll

dbghelp: loaded successfully - version: 4.0.5 - missing functions: none
symbol engine: initialized successfully - sym options: 0x614 - pdb path: .;D:\Programs\JetBrains\Rider2025.2\bin;C:\Windows\SYSTEM32;D:\Programs\JetBrains\Rider2025.2\jbr\bin\server;D:\Programs\JetBrains\Rider2025.2\jbr\bin;C:\Windows\WinSxS\amd64_microsoft.windows.common-controls_6595b64144ccf1df_5.82.26100.5582_none_87f04b817a2baa74;D:\Programs\JetBrains\Rider2025.2\lib\jna\amd64;C:\Windows\system32\wbem;C:\Windows\WinSxS\amd64_microsoft.windows.gdiplus_6595b64144ccf1df_1.1.26100.5710_none_6ef2bac63dc753b6;C:\Windows\WinSxS\amd64_microsoft.windows.common-controls_6595b64144ccf1df_6.0.26100.5710_none_3e07c7e0e334d9e8

VM Arguments:
jvm_args: abort vfprintf -XX:ErrorFile=C:\Users\FirstSymbol\java_error_in_rider_%p.log -XX:HeapDumpPath=C:\Users\FirstSymbol\java_error_in_rider.hprof -Xms128m -Xmx2048m -XX:JbrShrinkingGcMaxHeapFreeRatio=40 -XX:ReservedCodeCacheSize=512m -XX:+HeapDumpOnOutOfMemoryError -XX:-OmitStackTraceInFastThrow -XX:CICompilerCount=2 -XX:+IgnoreUnrecognizedVMOptions -XX:+UnlockDiagnosticVMOptions -XX:TieredOldPercentage=100000 -ea -Dsun.io.useCanonCaches=false -Dsun.java2d.metal=true -Djbr.catch.SIGABRT=true -Djdk.http.auth.tunneling.disabledSchemes="" -Djdk.attach.allowAttachSelf=true -Djdk.module.illegalAccess.silent=true -Djdk.nio.maxCachedBufferSize=2097152 -Djava.util.zip.use.nio.for.zip.file.access=true -Dkotlinx.coroutines.debug=off -Djava.nio.file.spi.DefaultFileSystemProvider=com.intellij.platform.core.nio.fs.MultiRoutingFileSystemProvider -Dllm.show.ai.promotion.window.on.start=false -Xms256m -Xmx2048m -XX:ReservedCodeCacheSize=512m -XX:+IgnoreUnrecognizedVMOptions -XX:+UseG1GC -XX:SoftRefLRUPolicyMSPerMB=50 -XX:CICompilerCount=2 -XX:+HeapDumpOnOutOfMemoryError -XX:-OmitStackTraceInFastThrow -ea -Dsun.io.useCanonCaches=false -Djdk.http.auth.tunneling.disabledSchemes="" -Djdk.attach.allowAttachSelf=true -Djdk.module.illegalAccess.silent=true -Dkotlinx.coroutines.debug=off -XX:ErrorFile=$USER_HOME/java_error_in_idea_%p.log -XX:HeapDumpPath=$USER_HOME/java_error_in_idea.hprof --add-opens=java.base/jdk.internal.org.objectweb.asm=ALL-UNNAMED --add-opens=java.base/jdk.internal.org.objectweb.asm.tree=ALL-UNNAMED -javaagent:D:\Programs\JetBrains\license\ja-netfilter.jar=jetbrains -Djb.vmOptionsFile=D:\Programs\JetBrains\license\vmoptions\rider.vmoptions -Xbootclasspath/a:D:\Programs\JetBrains\Rider2025.2\lib\nio-fs.jar -Djava.system.class.loader=com.intellij.util.lang.PathClassLoader -Didea.vendor.name=JetBrains -Didea.paths.selector=Rider2025.2 -Djna.boot.library.path=D:\Programs\JetBrains\Rider2025.2/lib/jna/amd64 -Djna.nosys=true -Djna.noclasspath=true -Dpty4j.preferred.native.folder=D:\Programs\JetBrains\Rider2025.2/lib/pty4j -Dio.netty.allocator.type=pooled -Dintellij.platform.runtime.repository.path=D:\Programs\JetBrains\Rider2025.2/modules/module-descriptors.dat -Didea.platform.prefix=Rider -Dwsl.use.remote.agent.for.nio.filesystem=true -Djava.nio.file.spi.DefaultFileSystemProvider=com.intellij.platform.core.nio.fs.MultiRoutingFileSystemProvider -Dide.native.launcher=true -Didea.class.before.app=com.jetbrains.rider.protocol.EarlyBackendStarter -Didea.show.customize.ide.wizard=true -DFilePageCache.THROW_ERROR_ON_DUPLICATE_STORAGE_REGISTRATION=false -Dsplash=true -Daether.connector.resumeDownloads=false -Dcompose.swing.render.on.graphics=true --add-opens=java.base/java.io=ALL-UNNAMED --add-opens=java.base/java.lang=ALL-UNNAMED --add-opens=java.base/java.lang.ref=ALL-UNNAMED --add-opens=java.base/java.lang.reflect=ALL-UNNAMED --add-opens=java.base/java.net=ALL-UNNAMED --add-opens=java.base/java.nio=ALL-UNNAMED --add-opens=java.base/java.nio.charset=ALL-UNNAMED --add-opens=java.base/java.text=ALL-UNNAMED --add-opens=java.base/java.time=ALL-UNNAMED --add-opens=java.base/java.util=ALL-UNNAMED --add-opens=java.base/java.util.concurrent=ALL-UNNAMED --add-opens=java.base/java.util.concurrent.atomic=ALL-UNNAMED --add-opens=java.base/java.util.concurrent.locks=ALL-UNNAMED --add-opens=java.base/jdk.internal.vm=ALL-UNNAMED --add-opens=java.base/sun.net.dns=ALL-UNNAMED --add-opens=java.base/sun.nio.ch=ALL-UNNAMED --add-opens=java.base/sun.nio.fs=ALL-UNNAMED --add-opens=java.base/sun.security.ssl=ALL-UNNAMED --add-opens=java.base/sun.security.util=ALL-UNNAMED --add-opens=java.desktop/com.sun.java.swing=ALL-UNNAMED --add-opens=java.desktop/java.awt=ALL-UNNAMED --add-opens=java.desktop/java.awt.dnd.peer=ALL-UNNAMED --add-opens=java.desktop/java.awt.event=ALL-UNNAMED --add-opens=java.desktop/java.awt.font=ALL-UNNAMED --add-opens=java.desktop/java.awt.image=ALL-UNNAMED --add-opens=java.desktop/java.awt.peer=ALL-UNNAMED --add-opens=java.desktop/javax.swing=ALL-UNNAMED --add-opens=java.desktop/javax.swing.plaf.basic=ALL-UNNAMED --add-opens=java.desktop/javax.swing.text=ALL-UNNAMED --add-opens=java.desktop/javax.swing.text.html=ALL-UNNAMED --add-opens=java.desktop/javax.swing.text.html.parser=ALL-UNNAMED --add-opens=java.desktop/sun.awt=ALL-UNNAMED --add-opens=java.desktop/sun.awt.datatransfer=ALL-UNNAMED --add-opens=java.desktop/sun.awt.image=ALL-UNNAMED --add-opens=java.desktop/sun.awt.windows=ALL-UNNAMED --add-opens=java.desktop/sun.font=ALL-UNNAMED --add-opens=java.desktop/sun.java2d=ALL-UNNAMED --add-opens=java.desktop/sun.swing=ALL-UNNAMED --add-opens=java.management/sun.management=ALL-UNNAMED --add-opens=jdk.attach/sun.tools.attach=ALL-UNNAMED --add-opens=jdk.compiler/com.sun.tools.javac.api=ALL-UNNAMED --add-opens=jdk.internal.jvmstat/sun.jvmstat.monitor=ALL-UNNAMED --add-opens=jdk.jdi/com.sun.tools.jdi=ALL-UNNAMED -Dide.native.launcher=true -Djcef.sandbox.ptr=000001E0123D6C50 -Djcef.sandbox.cefVersion=122.1.9+gd14e051+chromium-122.0.6261.94 
java_command: com.intellij.idea.Main E:\Other\Projects\Unity\Geometry dodge\Geometry dodge.sln
java_class_path (initial): D:\Programs\JetBrains\Rider2025.2\lib\platform-loader.jar;D:\Programs\JetBrains\Rider2025.2\lib\util-8.jar;D:\Programs\JetBrains\Rider2025.2\lib\app-client.jar;D:\Programs\JetBrains\Rider2025.2\lib\util.jar;D:\Programs\JetBrains\Rider2025.2\lib\product.jar;D:\Programs\JetBrains\Rider2025.2\lib\app.jar;D:\Programs\JetBrains\Rider2025.2\lib\annotations.jar;D:\Programs\JetBrains\Rider2025.2\lib\bouncy-castle.jar;D:\Programs\JetBrains\Rider2025.2\lib\eclipse.lsp4j.debug.jar;D:\Programs\JetBrains\Rider2025.2\lib\eclipse.lsp4j.jar;D:\Programs\JetBrains\Rider2025.2\lib\eclipse.lsp4j.jsonrpc.debug.jar;D:\Programs\JetBrains\Rider2025.2\lib\eclipse.lsp4j.jsonrpc.jar;D:\Programs\JetBrains\Rider2025.2\lib\external-system-rt.jar;D:\Programs\JetBrains\Rider2025.2\lib\externalProcess-rt.jar;D:\Programs\JetBrains\Rider2025.2\lib\forms_rt.jar;D:\Programs\JetBrains\Rider2025.2\lib\groovy.jar;D:\Programs\JetBrains\Rider2025.2\lib\javax.activation.jar;D:\Programs\JetBrains\Rider2025.2\lib\javax.annotation-api.jar;D:\Programs\JetBrains\Rider2025.2\lib\jaxb-api.jar;D:\Programs\JetBrains\Rider2025.2\lib\jaxb-runtime.jar;D:\Programs\JetBrains\Rider2025.2\lib\jps-model.jar;D:\Programs\JetBrains\Rider2025.2\lib\jsch-agent.jar;D:\Programs\JetBrains\Rider2025.2\lib\kotlinx-coroutines-slf4j-1.10.1-intellij.jar;D:\Programs\JetBrains\Rider2025.2\lib\lib-client.jar;D:\Programs\JetBrains\Rider2025.2\lib\lib.jar;D:\Programs\JetBrains\Rider2025.2\lib\opentelemetry.jar;D:\Programs\JetBrains\Rider2025.2\lib\product-client.jar;D:\Programs\JetBrains\Rider2025.2\lib\protobuf.jar;D:\Programs\JetBrains\Rider2025.2\lib\rd.jar;D:\Programs\JetBrains\Rider2025.2\lib\rhino.jar;D:\Programs\JetBrains\Rider2025.2\lib\stats.jar;D:\Programs\JetBrains\Rider2025.2\lib\trove.jar;D:\Programs\JetBrains\Rider2025.2\lib\util_rt.jar
Launcher Type: generic

[Global flags]
     intx CICompilerCount                          = 2                                         {product} {command line}
     uint ConcGCThreads                            = 3                                         {product} {ergonomic}
    ccstr ErrorFile                                = $USER_HOME/java_error_in_idea_%p.log            {product} {command line}
     uint G1ConcRefinementThreads                  = 13                                        {product} {ergonomic}
   size_t G1HeapRegionSize                         = 1048576                                   {product} {ergonomic}
    uintx GCDrainStackTargetSize                   = 64                                        {product} {ergonomic}
     bool HeapDumpOnOutOfMemoryError               = true                                   {manageable} {command line}
    ccstr HeapDumpPath                             = $USER_HOME/java_error_in_idea.hprof         {manageable} {command line}
     bool IgnoreUnrecognizedVMOptions              = true                                      {product} {command line}
   size_t InitialHeapSize                          = 268435456                                 {product} {command line}
    uintx JbrShrinkingGcMaxHeapFreeRatio           = 40                                     {manageable} {command line}
   size_t MarkStackSize                            = 4194304                                   {product} {ergonomic}
   size_t MaxHeapSize                              = 2147483648                                {product} {command line}
   size_t MaxNewSize                               = 1287651328                                {product} {ergonomic}
   size_t MinHeapDeltaBytes                        = 1048576                                   {product} {ergonomic}
   size_t MinHeapSize                              = 268435456                                 {product} {command line}
    uintx NonNMethodCodeHeapSize                   = 5826188                                {pd product} {ergonomic}
    uintx NonProfiledCodeHeapSize                  = 265522362                              {pd product} {ergonomic}
     bool OmitStackTraceInFastThrow                = false                                     {product} {command line}
    uintx ProfiledCodeHeapSize                     = 265522362                              {pd product} {ergonomic}
    uintx ReservedCodeCacheSize                    = 536870912                              {pd product} {command line}
     bool SegmentedCodeCache                       = true                                      {product} {ergonomic}
   size_t SoftMaxHeapSize                          = 2147483648                             {manageable} {ergonomic}
     intx SoftRefLRUPolicyMSPerMB                  = 50                                        {product} {command line}
     intx TieredOldPercentage                      = 100000                                 {diagnostic} {command line}
     bool UnlockDiagnosticVMOptions                = true                                   {diagnostic} {command line}
     bool UseCompressedOops                        = true                           {product lp64_product} {ergonomic}
     bool UseG1GC                                  = true                                      {product} {command line}
     bool UseLargePagesIndividualAllocation        = false                                  {pd product} {ergonomic}

Logging:
Log output configuration:
 #0: stdout all=warning uptime,level,tags foldmultilines=false
 #1: stderr all=off uptime,level,tags foldmultilines=false

Environment Variables:
PATH=C:\Program Files\Eclipse Adoptium\jdk-25.0.2.10-hotspot\bin;C:\Program Files (x86)\Common Files\Oracle\Java\java8path;C:\Program Files (x86)\Common Files\Oracle\Java\javapath;C:\Windows\system32;C:\Windows;C:\Windows\System32\Wbem;C:\Windows\System32\WindowsPowerShell\v1.0\;C:\Windows\System32\OpenSSH\;C:\Program Files\dotnet\;D:\Programs\Git\cmd;D:\Programs\nodejs\;C:\Program Files\NVIDIA Corporation\NVIDIA App\NvDLISR;C:\Program Files (x86)\NVIDIA Corporation\PhysX\Common;C:\Windows\system32\config\systemprofile\AppData\Local\Muse Hub\lib;C:\Users\FirstSymbol\AppData\Local\agy\bin;C:\Users\FirstSymbol\AppData\Local\Programs\Python\Python313\Scripts\;C:\Users\FirstSymbol\AppData\Local\Programs\Python\Python313\;C:\Users\FirstSymbol\AppData\Local\Microsoft\WindowsApps;D:\Programs\Microsoft VS Code\bin;C:\Users\FirstSymbol\.dotnet\tools;C:\Users\FirstSymbol\AppData\Roaming\npm;C:\Users\FirstSymbol\AppData\Local\Microsoft\WinGet\Packages\Anthropic.ClaudeCode_Microsoft.Winget.Source_8wekyb3d8bbwe;;C:\Users\FirstSymbol\.local\bin;C:\Users\FirstSymbol\AppData\Local\agy\bin
USERNAME=FirstSymbol
OS=Windows_NT
PROCESSOR_IDENTIFIER=AMD64 Family 23 Model 96 Stepping 1, AuthenticAMD
TMP=C:\Temp
TEMP=C:\Temp




Periodic native trim disabled

JNI global refs:
JNI global refs: 270, weak refs: 169

JNI global refs memory usage: 3363, weak refs: 6585

Process memory usage:
Resident Set Size: 1751844K (10% of 16170000K total physical memory with 2178932K free physical memory)

OOME stack traces (most recent first):
Classloader memory used:
Loader com.intellij.util.lang.PathClassLoader                                          : 264M
Loader com.intellij.ide.plugins.cl.PluginClassLoader                                   : 104M
Loader bootstrap                                                                       : 53543K
Loader jdk.internal.loader.ClassLoaders$PlatformClassLoader                            : 2728K
Loader jdk.internal.loader.ClassLoaders$AppClassLoader                                 : 765K
Loader sun.reflect.misc.MethodUtil                                                     : 4272B
Loader jdk.internal.reflect.DelegatingClassLoader                                      : 3472B

Classes loaded by more than one classloader:
Class com.intellij.ultimate.PluginVerifier                                            : loaded 3 times (x 69B)
Class kotlin.collections.CollectionsKt__CollectionsKt                                 : loaded 2 times (x 69B)
Class kotlin.collections.CollectionsKt__IteratorsJVMKt                                : loaded 2 times (x 69B)
Class kotlin.collections.CollectionsKt__MutableCollectionsKt                          : loaded 2 times (x 69B)
Class kotlin.collections.EmptyList                                                    : loaded 2 times (x 172B)
Class kotlin.ResultKt                                                                 : loaded 2 times (x 69B)
Class kotlin.collections.CollectionsKt__ReversedViewsKt                               : loaded 2 times (x 69B)
Class kotlin.NotImplementedError                                                      : loaded 2 times (x 80B)
Class kotlin.UninitializedPropertyAccessException                                     : loaded 2 times (x 80B)
Class kotlin.coroutines.intrinsics.IntrinsicsKt__IntrinsicsKt                         : loaded 2 times (x 69B)
Class kotlin.collections.CollectionsKt__CollectionsJVMKt                              : loaded 2 times (x 69B)
Class kotlin.collections.CollectionsKt__IteratorsKt                                   : loaded 2 times (x 69B)
Class kotlin.collections.EmptyIterator                                                : loaded 2 times (x 87B)
Class dk.brics.automaton.Transition                                                   : loaded 2 times (x 75B)
Class dk.brics.automaton.RunAutomaton                                                 : loaded 2 times (x 81B)
Class kotlin.collections.CollectionsKt___CollectionsJvmKt                             : loaded 2 times (x 69B)
Class kotlin.TuplesKt                                                                 : loaded 2 times (x 69B)
Class [Ldk.brics.automaton.Transition;                                                : loaded 2 times (x 67B)
Class com.intellij.cwm.plugin.provisioner.ProvisionedCodeWithMeEnterpriseConfiguration: loaded 2 times (x 76B)
Class dk.brics.automaton.BasicAutomata                                                : loaded 2 times (x 69B)
Class dk.brics.automaton.TransitionComparator                                         : loaded 2 times (x 89B)
Class dk.brics.automaton.Automaton                                                    : loaded 2 times (x 132B)
Class kotlin.collections.CollectionsKt___CollectionsKt                                : loaded 2 times (x 69B)
Class dk.brics.automaton.State                                                        : loaded 2 times (x 84B)
Class kotlin.collections.CollectionsKt__MutableCollectionsJVMKt                       : loaded 2 times (x 69B)
Class dk.brics.automaton.BasicOperations                                              : loaded 2 times (x 69B)
Class kotlin.coroutines.intrinsics.IntrinsicsKt                                       : loaded 2 times (x 69B)
Class kotlin.jvm.internal.Intrinsics                                                  : loaded 2 times (x 69B)
Class kotlin.collections.CollectionsKt__IterablesKt                                   : loaded 2 times (x 69B)
Class kotlin.KotlinNullPointerException                                               : loaded 2 times (x 81B)
Class kotlin.jvm.internal.markers.KMappedMarker                                       : loaded 2 times (x 68B)
Class kotlin.coroutines.intrinsics.IntrinsicsKt__IntrinsicsJvmKt                      : loaded 2 times (x 69B)
Class kotlin.collections.CollectionsKt                                                : loaded 2 times (x 69B)

---------------  S Y S T E M  ---------------

OS:
 Windows 11 , 64 bit Build 26100 (10.0.26100.5702)
OS uptime: 0 days 5:41 hours

CPU: total 16 (initial active 16) (16 cores per cpu, 2 threads per core) family 23 model 96 stepping 1 microcode 0x8600106, cx8, cmov, fxsr, ht, mmx, 3dnowpref, sse, sse2, sse3, ssse3, sse4a, sse4.1, sse4.2, popcnt, lzcnt, tsc, tscinvbit, avx, avx2, aes, clmul, bmi1, bmi2, adx, sha, fma, vzeroupper, clflush, clflushopt, rdtscp, rdpid, f16c
Processor Information for the first 16 processors :
  Max Mhz: 2901, Current Mhz: 2901, Mhz Limit: 2901

Memory: 4k page, system-wide physical 15791M (2132M free)
TotalPageFile size 56158M (AvailPageFile size 30733M)
current process WorkingSet (physical memory assigned to process): 1710M, peak: 2227M
current process commit charge ("private bytes"): 2060M, peak: 2063M

vm_info: OpenJDK 64-Bit Server VM (21.0.7+6-b1038.58) for windows-amd64 JRE (21.0.7+6-b1038.58), built on 2025-07-07 by "builduser" with MS VC++ 16.10 / 16.11 (VS2019)

END.
